source_id,target_id,rel_type,cited_text
SEC-201.106,,CROSS_REFERENCES,PGI 201.106
SEC-201.106,SEC-201.106,CROSS_REFERENCES,201.106
SEC-201.602-70,,CROSS_REFERENCES,252.201-7000
SEC-203.070,SEC-209.406-3,CROSS_REFERENCES,209.406-3
SEC-203.070,SEC-209.407-3,CROSS_REFERENCES,209.407-3
SEC-203.104-1,,CROSS_REFERENCES,FAR 3.104-1
SEC-203.570-1,,CROSS_REFERENCES,PGI 203.570-1
SEC-203.570-1,SEC-203.570-1,CROSS_REFERENCES,203.570-1
SEC-203.570-2,,CROSS_REFERENCES,252.203-7001
SEC-203.570-3,,CROSS_REFERENCES,252.203-7001
SEC-203.806,,CROSS_REFERENCES,PGI 203.806(a)
SEC-203.806,SEC-203.806,CROSS_REFERENCES,203.806(a)
SEC-203.909-3,,CROSS_REFERENCES,FAR 52.203-18
SEC-203.970,,CROSS_REFERENCES,FAR part 12
SEC-204.101,,CROSS_REFERENCES,PGI 204.101
SEC-204.101,SEC-204.101,CROSS_REFERENCES,204.101
SEC-204.201,,CROSS_REFERENCES,PGI 204.201
SEC-204.201,SEC-204.201,CROSS_REFERENCES,204.201
SEC-204.402,,CROSS_REFERENCES,PGI 204.402
SEC-204.402,SEC-204.402,CROSS_REFERENCES,204.402
SEC-204.470-3,,CROSS_REFERENCES,252.204-7010
SEC-204.602,,CROSS_REFERENCES,PGI 204.602
SEC-204.602,SEC-204.602,CROSS_REFERENCES,204.602
SEC-204.606,,CROSS_REFERENCES,FAR 4.606
SEC-204.606,SEC-204.606,CROSS_REFERENCES,204.606
SEC-204.804-70,,CROSS_REFERENCES,FAR part 12
SEC-204.1103,,CROSS_REFERENCES,PGI 204.1103
SEC-204.1103,SEC-204.1103,CROSS_REFERENCES,204.1103
SEC-204.1202,,CROSS_REFERENCES,FAR 52.204-8
SEC-204.1670,,CROSS_REFERENCES,PGI 204.1670
SEC-204.1670,SEC-204.1670,CROSS_REFERENCES,204.1670
SEC-204.1870,,CROSS_REFERENCES,PGI 204.1870
SEC-204.1870,SEC-204.1870,CROSS_REFERENCES,204.1870
SEC-204.2104,SEC-204.2102,CROSS_REFERENCES,204.2102
SEC-204.7103,,CROSS_REFERENCES,PGI 204.7103
SEC-204.7103,SEC-204.7103,CROSS_REFERENCES,204.7103
SEC-204.7103-2,,CROSS_REFERENCES,PGI 204.7103-2
SEC-204.7103-2,SEC-204.7103-2,CROSS_REFERENCES,204.7103-2
SEC-204.7104-2,,CROSS_REFERENCES,PGI 204.7104-2
SEC-204.7104-2,SEC-204.7104-2,CROSS_REFERENCES,204.7104-2
SEC-204.7105,,CROSS_REFERENCES,PGI 204.7105
SEC-204.7105,SEC-204.7105,CROSS_REFERENCES,204.7105
SEC-204.7107,,CROSS_REFERENCES,PGI 204.7107
SEC-204.7107,SEC-204.7107,CROSS_REFERENCES,204.7107
SEC-204.7108,,CROSS_REFERENCES,PGI 204.7108
SEC-204.7108,SEC-204.7108,CROSS_REFERENCES,204.7108
SEC-204.7203,,CROSS_REFERENCES,FAR part 12
SEC-204.7602,,CROSS_REFERENCES,FAR part 12
SEC-204.7603,SEC-204.7603,CROSS_REFERENCES,204.7603
SEC-204.7604,,CROSS_REFERENCES,FAR part 12
SEC-205.102-70,,CROSS_REFERENCES,PGI 205.102-70
SEC-205.102-70,SEC-205.102-70,CROSS_REFERENCES,205.102-70
SEC-205.205,,CROSS_REFERENCES,PGI 205.205
SEC-205.205,SEC-205.205,CROSS_REFERENCES,205.205
SEC-205.205-71,,CROSS_REFERENCES,FAR 6.302-1
SEC-205.205-71,SEC-206.302-1,CROSS_REFERENCES,206.302-1
SEC-205.470,,CROSS_REFERENCES,FAR part 12
SEC-206.000,,CROSS_REFERENCES,PGI 206.000
SEC-206.000,SEC-206.000,CROSS_REFERENCES,206.000
SEC-206.302-3-70,,CROSS_REFERENCES,FAR 6.302-3
SEC-206.303-70,,CROSS_REFERENCES,FAR 6.303
SEC-206.305,,CROSS_REFERENCES,FAR 6.302-2
SEC-206.305,SEC-206.305,CROSS_REFERENCES,206.305
SEC-207.104,SEC-201.170,CROSS_REFERENCES,201.170
SEC-207.105,,CROSS_REFERENCES,FAR 7.105
SEC-207.105,SEC-207.105,CROSS_REFERENCES,207.105
SEC-207.108,,CROSS_REFERENCES,PGI 207.108
SEC-207.108,SEC-207.108,CROSS_REFERENCES,207.108
SEC-207.171-4,,CROSS_REFERENCES,PGI 207.171-4
SEC-207.171-4,SEC-207.171-4,CROSS_REFERENCES,207.171-4
SEC-207.302,,CROSS_REFERENCES,PGI 207.302
SEC-207.302,SEC-207.302,CROSS_REFERENCES,207.302
SEC-208.404,,CROSS_REFERENCES,FAR 8.404(d)
SEC-208.405-6,,CROSS_REFERENCES,FAR 8.405-6(a)(1)(i)(B)
SEC-208.405-6,SEC-208.405-6,CROSS_REFERENCES,208.405-6
SEC-208.406-1,,CROSS_REFERENCES,PGI 208.406-1
SEC-208.406-1,SEC-208.406-1,CROSS_REFERENCES,208.406-1
SEC-208.606,,CROSS_REFERENCES,FAR 8.6
SEC-208.705,,CROSS_REFERENCES,FAR subpart 8.7
SEC-208.705,SEC-208.705,CROSS_REFERENCES,208.705
SEC-208.7002-1,,CROSS_REFERENCES,PGI 208.7002-1
SEC-208.7002-1,SEC-208.7002-1,CROSS_REFERENCES,208.7002-1
SEC-208.7002-2,,CROSS_REFERENCES,PGI 208.7002-2
SEC-208.7002-2,SEC-208.7002-2,CROSS_REFERENCES,208.7002-2
SEC-208.7004,,CROSS_REFERENCES,PGI 208.7004
SEC-208.7004,SEC-208.7004,CROSS_REFERENCES,208.7004
SEC-208.7006,,CROSS_REFERENCES,PGI 208.7006
SEC-208.7006,SEC-208.7006,CROSS_REFERENCES,208.7006
SEC-208.7102,,CROSS_REFERENCES,PGI 208.7102
SEC-208.7102,SEC-208.7102,CROSS_REFERENCES,208.7102
SEC-208.7303,,CROSS_REFERENCES,PGI 208.7303
SEC-208.7303,SEC-208.7303,CROSS_REFERENCES,208.7303
SEC-208.7304,,CROSS_REFERENCES,PGI 208.7304
SEC-208.7304,SEC-208.7304,CROSS_REFERENCES,208.7304
SEC-208.7403,,CROSS_REFERENCES,PGI 208.7403
SEC-208.7403,SEC-208.7403,CROSS_REFERENCES,208.7403
SEC-209.104-70,,CROSS_REFERENCES,FAR part 13
SEC-209.106,,CROSS_REFERENCES,PGI 209.106
SEC-209.106,SEC-209.106,CROSS_REFERENCES,209.106
SEC-209.170-3,,CROSS_REFERENCES,PGI 209.170-3
SEC-209.170-3,SEC-209.170-2,CROSS_REFERENCES,209.170-2
SEC-209.170-3,SEC-209.170-3,CROSS_REFERENCES,209.170-3
SEC-209.170-4,,CROSS_REFERENCES,FAR part 12
SEC-209.270-5,,CROSS_REFERENCES,252.209-7010
SEC-209.406-3,,CROSS_REFERENCES,PGI 209.406-3
SEC-209.406-3,SEC-209.403,CROSS_REFERENCES,209.403
SEC-209.406-3,SEC-209.406-3,CROSS_REFERENCES,209.406-3
SEC-209.407-3,,CROSS_REFERENCES,PGI 209.407-3
SEC-209.407-3,SEC-209.403,CROSS_REFERENCES,209.403
SEC-209.407-3,SEC-209.407-3,CROSS_REFERENCES,209.407-3
SEC-209.409,,CROSS_REFERENCES,252.209-7004
SEC-209.503-70,,CROSS_REFERENCES,FAR 9.503
SEC-209.503-70,SEC-209.572,CROSS_REFERENCES,209.572(b)
SEC-209.571-5,SEC-209.570,CROSS_REFERENCES,209.570
SEC-211.106,,CROSS_REFERENCES,FAR 37.104
SEC-211.201,,CROSS_REFERENCES,PGI 211.201
SEC-211.201,SEC-211.201,CROSS_REFERENCES,211.201
SEC-211.271,,CROSS_REFERENCES,223.107-4
SEC-211.500,,CROSS_REFERENCES,FAR subpart 11.5
SEC-211.7001,,CROSS_REFERENCES,PGI 211.7001
SEC-211.7001,SEC-211.7001,CROSS_REFERENCES,211.7001
SEC-212.211,,CROSS_REFERENCES,227.7102
SEC-212.270,,CROSS_REFERENCES,234.70
SEC-212.371,SEC-212.370,CROSS_REFERENCES,212.370
SEC-212.505,,CROSS_REFERENCES,FAR 12.503
SEC-212.505,SEC-212.503,CROSS_REFERENCES,212.503
SEC-212.505,SEC-212.504,CROSS_REFERENCES,212.504
SEC-212.7003,,CROSS_REFERENCES,PGI 212.7003
SEC-212.7003,SEC-212.7003,CROSS_REFERENCES,212.7003
SEC-212.7005,,CROSS_REFERENCES,PGI 212.7005
SEC-212.7005,SEC-212.7005,CROSS_REFERENCES,212.7005
SEC-213.104,,CROSS_REFERENCES,PGI 213.104
SEC-213.104,SEC-213.104,CROSS_REFERENCES,213.104
SEC-213.106-1-70,SEC-215.203-70,CROSS_REFERENCES,215.203-70
SEC-213.106-2-70,,CROSS_REFERENCES,252.204-7024
SEC-213.106-2-70,SEC-204.7604,CROSS_REFERENCES,204.7604
SEC-213.301,,CROSS_REFERENCES,PGI 213.301
SEC-213.301,SEC-213.301,CROSS_REFERENCES,213.301
SEC-213.307,,CROSS_REFERENCES,PGI 213.307
SEC-213.307,SEC-213.307,CROSS_REFERENCES,213.307
SEC-213.500-70,,CROSS_REFERENCES,FAR subpart 13.5
SEC-213.500-70,SEC-215.371-2,CROSS_REFERENCES,215.371-2
SEC-213.7002,,CROSS_REFERENCES,219.804-2(2)
SEC-214.203,,CROSS_REFERENCES,PGI 205.102-70
SEC-214.203,SEC-205.102-70,CROSS_REFERENCES,205.102-70
SEC-214.209,SEC-215.371,CROSS_REFERENCES,215.371
SEC-215.205,,CROSS_REFERENCES,PGI 205.102-70
SEC-215.205,SEC-205.102-70,CROSS_REFERENCES,205.102-70
SEC-215.270,SEC-201.170,CROSS_REFERENCES,201.170
SEC-215.300,,CROSS_REFERENCES,FAR part 15
SEC-215.300,SEC-215.300,CROSS_REFERENCES,215.300
SEC-215.370-2,,CROSS_REFERENCES,PGI 215.370-2
SEC-215.370-2,SEC-215.370-2,CROSS_REFERENCES,215.370-2
SEC-215.370-3,,CROSS_REFERENCES,252.215-7006
SEC-215.371-2,SEC-215.371-4,CROSS_REFERENCES,215.371-4
SEC-215.371-2,SEC-215.371-5,CROSS_REFERENCES,215.371-5
SEC-215.371-3,SEC-215.371-2,CROSS_REFERENCES,215.371-2
SEC-215.371-6,,CROSS_REFERENCES,252.215-7007
SEC-215.371-6,SEC-215.371-4,CROSS_REFERENCES,215.371-4
SEC-215.371-6,SEC-215.371-5,CROSS_REFERENCES,215.371-5
SEC-215.403-3,,CROSS_REFERENCES,PGI 215.403-3
SEC-215.403-3,SEC-215.403-3,CROSS_REFERENCES,215.403-3
SEC-215.404-2,,CROSS_REFERENCES,PGI 215.404-2
SEC-215.404-2,SEC-215.404-2,CROSS_REFERENCES,215.404-2
SEC-215.404-3,,CROSS_REFERENCES,PGI 215.404-3
SEC-215.404-3,SEC-215.404-3,CROSS_REFERENCES,215.404-3
SEC-215.404-70,,CROSS_REFERENCES,PGI 215.404-70
SEC-215.404-70,SEC-215.404-70,CROSS_REFERENCES,215.404-70
SEC-215.406-1,,CROSS_REFERENCES,PGI 215.406-1
SEC-215.406-1,SEC-215.406-1,CROSS_REFERENCES,215.406-1
SEC-215.406-2,,CROSS_REFERENCES,PGI 215.406-2
SEC-215.406-2,SEC-215.406-2,CROSS_REFERENCES,215.406-2
SEC-215.406-3,,CROSS_REFERENCES,PGI 215.406-3
SEC-215.406-3,SEC-215.406-3,CROSS_REFERENCES,215.406-3
SEC-215.503,,CROSS_REFERENCES,239.7305(d)
SEC-215.570,,CROSS_REFERENCES,FAR part 12
SEC-215.602,,CROSS_REFERENCES,FAR 15.602
PROV-201.109-d,,CROSS_REFERENCES,PGI 201.109
PROV-201.109-d,SEC-201.109,CROSS_REFERENCES,201.109
PROV-201.170-a-1-iii,,CROSS_REFERENCES,FAR 1.108(c)
PROV-201.170-b-1,SEC-201.170,CROSS_REFERENCES,201.170(a)(1)(i)
PROV-201.170-b-2,SEC-201.170,CROSS_REFERENCES,201.170(a)(1)(ii)
PROV-201.201-1-d-i,,CROSS_REFERENCES,FAR 1.301(b)
PROV-201.201-1-d-i,SEC-201.402,CROSS_REFERENCES,201.402(2)
PROV-201.301-b,,CROSS_REFERENCES,PGI 201.301
PROV-201.301-b,SEC-201.304,CROSS_REFERENCES,201.304
PROV-201.301-b,SEC-201.301,CROSS_REFERENCES,201.301
PROV-201.303-a-ii-A,,CROSS_REFERENCES,FAR 1.105-2(b)(2)
PROV-201.303-a-ii-B,,CROSS_REFERENCES,FAR 1.105-2(b)(2)
PROV-201.303-a-iii,,CROSS_REFERENCES,219.70
PROV-201.304-3,SEC-201.404,CROSS_REFERENCES,201.404
PROV-201.304-4,,CROSS_REFERENCES,PGI 201.304
PROV-201.304-4,SEC-201.304,CROSS_REFERENCES,201.304
PROV-201.304-5,,CROSS_REFERENCES,PGI 201.304
PROV-201.304-5,SEC-201.304,CROSS_REFERENCES,201.304
PROV-201.402-1-i,,CROSS_REFERENCES,FAR 3.104
PROV-201.402-1-i,SEC-203.104,CROSS_REFERENCES,203.104
PROV-201.402-1-ii,,CROSS_REFERENCES,227.4
PROV-201.402-1-iv,,CROSS_REFERENCES,231.1
PROV-201.402-1-v,,CROSS_REFERENCES,231.2
PROV-201.402-1-vi,,CROSS_REFERENCES,232.7
PROV-201.402-2,SEC-201.403,CROSS_REFERENCES,201.403
PROV-201.402-2,SEC-201.404,CROSS_REFERENCES,201.404
PROV-201.402-2-iii,,CROSS_REFERENCES,FAR 1.401
PROV-201.403-1,SEC-201.402,CROSS_REFERENCES,201.402
PROV-201.403-1,SEC-201.304,CROSS_REFERENCES,201.304
PROV-201.404-b-ii,SEC-201.402,CROSS_REFERENCES,201.402
PROV-201.602-2-d,,CROSS_REFERENCES,PGI 201.602-2
PROV-201.602-2-d,SEC-201.602-2,CROSS_REFERENCES,201.602-2
PROV-201.603-3-b,SEC-213.301,CROSS_REFERENCES,213.301
PROV-202.101-D3-2,,CROSS_REFERENCES,217.1
PROV-202.101-D6,,CROSS_REFERENCES,PGI 202.101
PROV-202.101-D6,SEC-202.101,CROSS_REFERENCES,202.101
PROV-202.101-D15,,CROSS_REFERENCES,218.270
PROV-202.101-D29,,CROSS_REFERENCES,FAR 15.404-1(b)(2)(ii)(B)
PROV-202.101-D32,,CROSS_REFERENCES,FAR 2.101
PROV-203.070-a,,CROSS_REFERENCES,FAR 3.103
PROV-203.070-b,,CROSS_REFERENCES,FAR 3.104
PROV-203.070-c,,CROSS_REFERENCES,FAR 3.203
PROV-203.070-d,,CROSS_REFERENCES,FAR 3.303
PROV-203.070-e,,CROSS_REFERENCES,FAR 3.405
PROV-203.070-f,,CROSS_REFERENCES,FAR 3.502
PROV-203.070-g,SEC-203.570,CROSS_REFERENCES,203.570
PROV-203.104-4-d-3,,CROSS_REFERENCES,FAR 3.104-4(d)(3)
PROV-203.171-2-D1,,CROSS_REFERENCES,252.203-7000
PROV-203.171-3-c,,CROSS_REFERENCES,252.203-7000
PROV-203.171-4-a,,CROSS_REFERENCES,FAR part 12
PROV-203.171-4-b,,CROSS_REFERENCES,FAR part 12
PROV-203.570-2-a,,CROSS_REFERENCES,PGI 203.570-2
PROV-203.570-2-a,SEC-203.570-2,CROSS_REFERENCES,203.570-2
PROV-203.570-2-b,,CROSS_REFERENCES,PGI 203.570-2
PROV-203.570-2-b,SEC-203.570-2,CROSS_REFERENCES,203.570-2
PROV-203.900-a-i,SEC-203.901,CROSS_REFERENCES,203.901
PROV-203.900-a-i,SEC-203.906,CROSS_REFERENCES,203.906
PROV-203.900-a-ii,SEC-203.901,CROSS_REFERENCES,203.901
PROV-203.900-a-ii,SEC-203.906,CROSS_REFERENCES,203.906
PROV-203.904-1,SEC-203.903,CROSS_REFERENCES,203.903
PROV-203.905-1,SEC-203.903,CROSS_REFERENCES,203.903
PROV-203.905-3-i,SEC-203.903,CROSS_REFERENCES,203.903
PROV-203.906-1,SEC-203.905,CROSS_REFERENCES,203.905
PROV-203.906-1,SEC-203.903,CROSS_REFERENCES,203.903
PROV-203.906-2,SEC-203.905,CROSS_REFERENCES,203.905
PROV-203.1003-b,,CROSS_REFERENCES,FAR 3.1003(b)
PROV-203.1003-c,SEC-203.1004,CROSS_REFERENCES,203.1004
PROV-203.1004-a,,CROSS_REFERENCES,252.203-7003
PROV-203.1004-b-2-ii,,CROSS_REFERENCES,FAR 52.203-14
PROV-204.201-a,,CROSS_REFERENCES,FAR 4.201(a)
PROV-204.203-b,,CROSS_REFERENCES,FAR 4.203(b)
PROV-204.270-2-b,,CROSS_REFERENCES,PGI 204.270-2
PROV-204.270-2-b,SEC-204.270-2,CROSS_REFERENCES,204.270-2
PROV-204.270-2-c,,CROSS_REFERENCES,PGI 204.270-2
PROV-204.270-2-c,SEC-204.270-2,CROSS_REFERENCES,204.270-2
PROV-204.403-1,,CROSS_REFERENCES,PGI 204.403
PROV-204.403-1,SEC-204.403,CROSS_REFERENCES,204.403
PROV-204.403-2,,CROSS_REFERENCES,PGI 204.403
PROV-204.403-2,SEC-204.403,CROSS_REFERENCES,204.403
PROV-204.404-70-a,,CROSS_REFERENCES,252.204-7000
PROV-204.404-70-b,,CROSS_REFERENCES,252.204-7003
PROV-204.604-2,,CROSS_REFERENCES,FAR 4.803(a)
PROV-204.804-1,,CROSS_REFERENCES,PGI 204.804
PROV-204.804-1,SEC-204.804,CROSS_REFERENCES,204.804
PROV-204.804-2,,CROSS_REFERENCES,PGI 207.105
PROV-204.804-2,SEC-207.105,CROSS_REFERENCES,207.105
PROV-204.804-3-i,,CROSS_REFERENCES,FAR 4.804-5(a)(3)
PROV-204.804-3-iv,,CROSS_REFERENCES,PGI 204.804
PROV-204.804-3-iv,SEC-204.804,CROSS_REFERENCES,204.804
PROV-204.804-4,,CROSS_REFERENCES,FAR 4.804
PROV-204.805-5,,CROSS_REFERENCES,FAR 15.403-4
PROV-204.1103-4,,CROSS_REFERENCES,PGI 204.1103
PROV-204.1103-4,SEC-204.1103,CROSS_REFERENCES,204.1103
PROV-204.1202-1,,CROSS_REFERENCES,252.204-7007
PROV-204.1202-2,,CROSS_REFERENCES,FAR 52.204-7
PROV-204.1202-2-i,,CROSS_REFERENCES,252.204-7016
PROV-204.1202-2-ii,,CROSS_REFERENCES,252.209-7002
PROV-204.1202-2-iii,,CROSS_REFERENCES,252.216-7008
PROV-204.1202-2-iv,,CROSS_REFERENCES,252.225-7000
PROV-204.1202-2-v,,CROSS_REFERENCES,252.225-7020
PROV-204.1202-2-vi,,CROSS_REFERENCES,252.225-7031
PROV-204.1202-2-vii,,CROSS_REFERENCES,252.225-7035
PROV-204.1202-2-viii,,CROSS_REFERENCES,252.225-7042
PROV-204.1202-2-ix,,CROSS_REFERENCES,252.225-7049
PROV-204.1202-2-x,,CROSS_REFERENCES,252.225-7050
PROV-204.1202-2-xi,,CROSS_REFERENCES,252.226-7002
PROV-204.1202-2-xii,,CROSS_REFERENCES,252.229-7012
PROV-204.1202-2-xiii,,CROSS_REFERENCES,252.229-7013
PROV-204.1202-2-xiv,,CROSS_REFERENCES,252.232-7015
PROV-204.1601-b,,CROSS_REFERENCES,FAR subpart 4.16
PROV-204.1601-b,SEC-204.1601,CROSS_REFERENCES,204.1601
PROV-204.1601-c-ii-B,,CROSS_REFERENCES,PGI 204.1601
PROV-204.1601-c-ii-B,SEC-204.1601,CROSS_REFERENCES,204.1601
PROV-204.1603-a,,CROSS_REFERENCES,FAR 4.1603
PROV-204.1603-a-3-A,,CROSS_REFERENCES,FAR 4.1603(a)(3)
PROV-204.1603-a-3-A-3,,CROSS_REFERENCES,PGI 204.1603
PROV-204.1603-a-3-A-3,SEC-204.1603,CROSS_REFERENCES,204.1603
PROV-204.1603-a-3-B,,CROSS_REFERENCES,FAR 4.1603(a)(3)
PROV-204.1603-a-4,,CROSS_REFERENCES,FAR 4.1603(a)(4)
PROV-204.1603-b,,CROSS_REFERENCES,FAR 4.1603(b)
PROV-204.1603-b,SEC-204.1603,CROSS_REFERENCES,204.1603
PROV-204.1603-b-2-ii,,CROSS_REFERENCES,FAR 4.1603(b)(2)(ii)
PROV-204.1703-a-ii,,CROSS_REFERENCES,PGI 204.1703
PROV-204.1703-a-ii,SEC-204.1703,CROSS_REFERENCES,204.1703
PROV-204.1703-S-70-1,,CROSS_REFERENCES,252.204-7023
PROV-204.1705-a-i,,CROSS_REFERENCES,FAR part 12
PROV-204.2102-a,,CROSS_REFERENCES,FAR 4.2102(a)
PROV-204.2102-a,SEC-204.2104,CROSS_REFERENCES,204.2104
PROV-204.2103-a-1-i,,CROSS_REFERENCES,FAR 52.204-26
PROV-204.2103-a-1-ii,,CROSS_REFERENCES,252.204-7016
PROV-204.2103-a-2-i,,CROSS_REFERENCES,FAR 52.204-24
PROV-204.2103-a-2-ii,,CROSS_REFERENCES,FAR 52.204-24
PROV-204.2103-a-2-ii-B-1,,CROSS_REFERENCES,FAR 4.2104
PROV-204.2103-a-2-ii-B-2,SEC-204.2104,CROSS_REFERENCES,204.2104
PROV-204.2103-b,,CROSS_REFERENCES,FAR 52.204-25
PROV-204.2105-a,,CROSS_REFERENCES,FAR part 12
PROV-204.2105-b,,CROSS_REFERENCES,FAR part 12
PROV-204.2105-c,,CROSS_REFERENCES,FAR part 12
PROV-204.7103-1-a-1-ii,SEC-204.7104,CROSS_REFERENCES,204.7104
PROV-204.7103-1-a-2-iii,SEC-204.7104,CROSS_REFERENCES,204.7104
PROV-204.7103-1-a-4-iii,SEC-204.7105,CROSS_REFERENCES,204.7105
PROV-204.7103-1-d,SEC-204.7105,CROSS_REFERENCES,204.7105
PROV-204.7103-1-g,,CROSS_REFERENCES,PGI 204.71
PROV-204.7104-1-a-3,SEC-204.7103-1,CROSS_REFERENCES,204.7103-1
PROV-204.7104-1-b-1-i,SEC-204.7104-1,CROSS_REFERENCES,204.7104-1
PROV-204.7104-1-b-2-ii-B,SEC-204.7103-1,CROSS_REFERENCES,204.7103-1
PROV-204.7104-1-b-3-iv,,CROSS_REFERENCES,252.204-7002
PROV-204.7106-a,SEC-204.7103,CROSS_REFERENCES,204.7103
PROV-204.7106-a,SEC-204.7104,CROSS_REFERENCES,204.7104
PROV-204.7106-a,SEC-204.7105,CROSS_REFERENCES,204.7105
PROV-204.7109-a,,CROSS_REFERENCES,252.204-7002
PROV-204.7109-b,,CROSS_REFERENCES,252.204-7006
PROV-204.7301-D9,,CROSS_REFERENCES,252.227-7013
PROV-204.7302-a-2,,CROSS_REFERENCES,252.204-7012
PROV-204.7302-a-5,,CROSS_REFERENCES,204.75
PROV-204.7302-b-2,,CROSS_REFERENCES,PGI 204.7303-4
PROV-204.7302-d,,CROSS_REFERENCES,PGI 204.7303-3
PROV-204.7303-a,SEC-204.7303,CROSS_REFERENCES,204.7303
PROV-204.7303-b,,CROSS_REFERENCES,252.204-7019
PROV-204.7303-b-1,,CROSS_REFERENCES,252.204-7012
PROV-204.7303-b-2,,CROSS_REFERENCES,252.204-7012
PROV-204.7304-a,,CROSS_REFERENCES,FAR part 12
PROV-204.7304-b,,CROSS_REFERENCES,FAR part 12
PROV-204.7304-c,,CROSS_REFERENCES,FAR part 12
PROV-204.7304-d,,CROSS_REFERENCES,FAR part 12
PROV-204.7304-e,,CROSS_REFERENCES,FAR part 12
PROV-204.7401-D4,,CROSS_REFERENCES,252.204-7014
PROV-204.7402-d,,CROSS_REFERENCES,204.4
PROV-204.7403-a,,CROSS_REFERENCES,FAR part 12
PROV-204.7403-b,,CROSS_REFERENCES,FAR part 12
PROV-204.7503-a,SEC-204.7504,CROSS_REFERENCES,204.7504
PROV-204.7504-a,,CROSS_REFERENCES,252.204-7021
PROV-204.7504-a-1,,CROSS_REFERENCES,FAR part 12
PROV-204.7504-a-2,,CROSS_REFERENCES,FAR part 12
PROV-204.7504-b,,CROSS_REFERENCES,252.204-7025
PROV-204.7601-D3,,CROSS_REFERENCES,239.7301
PROV-204.7603-a-2,SEC-204.7603,CROSS_REFERENCES,204.7603
PROV-204.7603-b-1,SEC-204.7603,CROSS_REFERENCES,204.7603
PROV-204.7603-b-2-iii,,CROSS_REFERENCES,FAR 13.106
PROV-204.7603-b-2-iii,SEC-215.403-3,CROSS_REFERENCES,215.403-3
PROV-205.203-S-70,SEC-215.371-4,CROSS_REFERENCES,215.371-4
PROV-205.203-S-70,SEC-215.371-5,CROSS_REFERENCES,215.371-5
PROV-205.205-70-a,,CROSS_REFERENCES,FAR 7.107
PROV-205.205-70-b,,CROSS_REFERENCES,FAR 10.001(c)(2)(i)
PROV-205.207-a-i,,CROSS_REFERENCES,PGI 205.207
PROV-205.207-a-i,SEC-205.207,CROSS_REFERENCES,205.207
PROV-205.207-d,,CROSS_REFERENCES,PGI 205.207
PROV-205.207-d,SEC-205.207,CROSS_REFERENCES,205.207
PROV-205.301-a-S-70-i,,CROSS_REFERENCES,225.7002-1(a)(1)(ii)
PROV-205.301-a-S-70-i-A,,CROSS_REFERENCES,225.7002-2(b)
PROV-205.301-a-S-70-i-B,,CROSS_REFERENCES,225.7002-2(n)
PROV-205.301-a-S-70-iii-A,,CROSS_REFERENCES,225.7002-2(b)
PROV-205.301-a-S-70-iii-B,,CROSS_REFERENCES,225.7002-2(n)
PROV-206.001-b,,CROSS_REFERENCES,237.104
PROV-206.001-70-b,,CROSS_REFERENCES,PGI 206.001-70
PROV-206.001-70-b,SEC-206.001-70,CROSS_REFERENCES,206.001-70
PROV-206.102-d-2,,CROSS_REFERENCES,FAR 6.102(d)(2)
PROV-206.102-70-a,,CROSS_REFERENCES,212.70
PROV-206.102-70-b,,CROSS_REFERENCES,FAR part 5
PROV-206.102-70-b,SEC-206.102-70,CROSS_REFERENCES,206.102-70
PROV-206.202-b,,CROSS_REFERENCES,PGI 206.202
PROV-206.202-b,SEC-206.202,CROSS_REFERENCES,206.202
PROV-206.302-1-c-2,,CROSS_REFERENCES,FAR 6.302-1(c)(2)
PROV-206.302-1-d,,CROSS_REFERENCES,PGI 206.302-1
PROV-206.302-1-d,SEC-206.302-1,CROSS_REFERENCES,206.302-1
PROV-206.302-1-S-70,,CROSS_REFERENCES,FAR 6.303
PROV-206.302-2-b,,CROSS_REFERENCES,PGI 206.302-2
PROV-206.302-2-b,SEC-206.302-2,CROSS_REFERENCES,206.302-2
PROV-206.302-4-c,,CROSS_REFERENCES,FAR 6.303
PROV-206.302-5-b-ii,,CROSS_REFERENCES,237.7401
PROV-206.303-1-b,,CROSS_REFERENCES,FAR 6.303-1(b)
PROV-206.303-1-b-1,,CROSS_REFERENCES,FAR 6.303-2
PROV-206.303-1-b-2,SEC-206.304,CROSS_REFERENCES,206.304(a)
PROV-206.303-1-b-3,,CROSS_REFERENCES,FAR 6.305
PROV-206.303-2-b-i,,CROSS_REFERENCES,FAR 6.303-2(b)
PROV-206.303-2-b-ii,,CROSS_REFERENCES,FAR 6.302-1
PROV-206.303-2-b-ii,SEC-206.303-2,CROSS_REFERENCES,206.303-2
PROV-206.303-2-d,,CROSS_REFERENCES,FAR 6.303-2(d)
PROV-206.304-a-4-S-70,,CROSS_REFERENCES,FAR 6.302-1
PROV-206.304-a-4-S-70,SEC-206.304,CROSS_REFERENCES,206.304
PROV-207.102-a-1,,CROSS_REFERENCES,FAR part 12
PROV-207.102-a-1,SEC-212.102,CROSS_REFERENCES,212.102
PROV-207.103-d-i-A,,CROSS_REFERENCES,FAR 35.001
PROV-207.103-h-i,,CROSS_REFERENCES,PGI 207.103
PROV-207.103-h-i,SEC-207.103,CROSS_REFERENCES,207.103
PROV-207.106-b-S-70-2-ii,,CROSS_REFERENCES,PGI 207.105
PROV-207.106-b-S-70-2-ii,SEC-207.105,CROSS_REFERENCES,207.105
PROV-207.106-b-S-71,SEC-209.570,CROSS_REFERENCES,209.570
PROV-207.106-b-5,SEC-202.101,CROSS_REFERENCES,202.101
PROV-207.106-b-S-73,,CROSS_REFERENCES,234.004
PROV-207.172-b,,CROSS_REFERENCES,252.235-7004
PROV-207.470-a-2,,CROSS_REFERENCES,PGI 207.470
PROV-207.470-a-2,SEC-207.470,CROSS_REFERENCES,207.470
PROV-207.503-e,,CROSS_REFERENCES,FAR 7.503(e)
PROV-207.503-S-70-1,,CROSS_REFERENCES,FAR 7.503(d)
PROV-207.503-S-70-2,,CROSS_REFERENCES,PGI 207.503
PROV-207.503-S-70-2,SEC-207.503,CROSS_REFERENCES,207.503
PROV-208.002-a-1-i,,CROSS_REFERENCES,PGI 208.002(a)(1)(i)
PROV-208.002-a-1-i,SEC-208.002,CROSS_REFERENCES,208.002(a)(1)(i)
PROV-208.002-a-1-v,,CROSS_REFERENCES,208.70
PROV-208.404-a-i,SEC-215.371,CROSS_REFERENCES,215.371
PROV-208.404-a-ii,,CROSS_REFERENCES,217.7
PROV-208.404-a-iii,,CROSS_REFERENCES,FAR part 25
PROV-208.404-a-iv,,CROSS_REFERENCES,252.215-7007
PROV-208.404-a-iv,SEC-215.371-6,CROSS_REFERENCES,215.371-6
PROV-208.404-a-iv,SEC-215.408,CROSS_REFERENCES,215.408(3)
PROV-208.405-1,,CROSS_REFERENCES,239.73
PROV-208.405-2,SEC-215.101-2-70,CROSS_REFERENCES,215.101-2-70
PROV-208.405-3,,CROSS_REFERENCES,217.7801
PROV-208.405-4,SEC-204.7603,CROSS_REFERENCES,204.7603
PROV-208.405-4-ii,SEC-204.7603,CROSS_REFERENCES,204.7603
PROV-208.405-4-iii,,CROSS_REFERENCES,252.204-7024
PROV-208.405-4-iii,SEC-204.7604,CROSS_REFERENCES,204.7604
PROV-208.602-70-c-1-i-A,,CROSS_REFERENCES,FAR 6.102
PROV-208.602-70-c-1-i-B,,CROSS_REFERENCES,FAR 16.505
PROV-208.602-70-c-1-ii,,CROSS_REFERENCES,FAR 8.602(a)(4)(ii)
PROV-208.602-70-c-2,,CROSS_REFERENCES,FAR 8.602
PROV-208.7000-a,,CROSS_REFERENCES,PGI 208.7006
PROV-208.7000-a,SEC-208.7006,CROSS_REFERENCES,208.7006
PROV-208.7003-1-a-1,,CROSS_REFERENCES,FAR 6.302-2
PROV-208.7003-1-b,,CROSS_REFERENCES,PGI 208.7003-1
PROV-208.7003-1-b,SEC-208.7003-1,CROSS_REFERENCES,208.7003-1
PROV-208.7003-2-a,,CROSS_REFERENCES,FAR 8.002(a)(1)(i)
PROV-208.7003-2-b,SEC-208.7003-1,CROSS_REFERENCES,208.7003-1
PROV-208.7003-2-h,,CROSS_REFERENCES,FAR 6.302-6
PROV-208.7003-2-h-i,,CROSS_REFERENCES,FAR 6.302-1
PROV-208.7005-a,,CROSS_REFERENCES,PGI 253.208-1
PROV-208.7005-b,,CROSS_REFERENCES,PGI 253.208-2
PROV-208.7305-a,,CROSS_REFERENCES,252.208-7000
PROV-208.7400-d,,CROSS_REFERENCES,FAR 8.405
PROV-208.7400-e,,CROSS_REFERENCES,FAR 51.101
PROV-208.7402-b,,CROSS_REFERENCES,239.73
PROV-209.101-D1,,CROSS_REFERENCES,252.209-7002
PROV-209.104-1-g-i,,CROSS_REFERENCES,225.771
PROV-209.104-1-g-ii-B,,CROSS_REFERENCES,252.209-7002
PROV-209.105-1-1,,CROSS_REFERENCES,PGI 209.105-1
PROV-209.105-1-1,SEC-209.105-1,CROSS_REFERENCES,209.105-1
PROV-209.105-1-2,,CROSS_REFERENCES,FAR 9.104-1(c)
PROV-209.105-1-2-ii,,CROSS_REFERENCES,FAR subpart 42.15
PROV-209.105-1-2-iii,SEC-204.7603,CROSS_REFERENCES,204.7603(c)
PROV-209.105-2-a,SEC-209.403,CROSS_REFERENCES,209.403
PROV-209.202-a-1,,CROSS_REFERENCES,PGI 209.202
PROV-209.202-a-1,SEC-209.202,CROSS_REFERENCES,209.202
PROV-209.202-a-1,SEC-209.270,CROSS_REFERENCES,209.270
PROV-209.270-3-b,,CROSS_REFERENCES,FAR 9.202(a)(1)
PROV-209.270-4-a-1,,CROSS_REFERENCES,PGI 209.270-4
PROV-209.270-4-a-1,SEC-209.270-4,CROSS_REFERENCES,209.270-4
PROV-209.270-4-c,,CROSS_REFERENCES,246.407
PROV-209.403-2-iii,,CROSS_REFERENCES,FAR 9.406-2
PROV-209.405-b-ii-E,,CROSS_REFERENCES,PGI 209.405
PROV-209.405-b-ii-E,SEC-209.405,CROSS_REFERENCES,209.405
PROV-209.405-2-a,,CROSS_REFERENCES,225.771
PROV-209.406-1-a-i-A,,CROSS_REFERENCES,FAR subpart 3.10
PROV-209.503-70-b,,CROSS_REFERENCES,PGI 209.503-70
PROV-209.503-70-b,SEC-209.503-70,CROSS_REFERENCES,209.503-70
PROV-209.505-4-b-i,,CROSS_REFERENCES,227.7103-7(b)
PROV-209.505-4-b-ii,,CROSS_REFERENCES,252.204-7014
PROV-209.505-4-b-ii,SEC-204.7403,CROSS_REFERENCES,204.7403(a)
PROV-209.570-1-D1,,CROSS_REFERENCES,PGI 209.570-1
PROV-209.570-1-D1,SEC-209.570-1,CROSS_REFERENCES,209.570-1
PROV-209.570-2-c-2,SEC-209.570-3,CROSS_REFERENCES,209.570-3
PROV-209.570-3-a-2,SEC-209.570-2,CROSS_REFERENCES,209.570-2
PROV-209.570-3-a-3,,CROSS_REFERENCES,PGI 209.570-3
PROV-209.570-3-a-3,SEC-209.570-3,CROSS_REFERENCES,209.570-3
PROV-209.570-3-b,SEC-209.570-2,CROSS_REFERENCES,209.570-2
PROV-209.570-4-a,,CROSS_REFERENCES,252.209-7006
PROV-209.570-4-b,,CROSS_REFERENCES,252.209-7007
PROV-209.570-4-b-1,,CROSS_REFERENCES,252.209-7006
PROV-209.571-1-D4-3-ii-A,,CROSS_REFERENCES,FAR 9.505-2(a)(3)
PROV-209.571-1-D4-3-ii-A,SEC-209.571-7,CROSS_REFERENCES,209.571-7
PROV-209.571-1-D4-3-ii-B,,CROSS_REFERENCES,FAR 9.505-2(b)(1)(ii)
PROV-209.571-2-b,,CROSS_REFERENCES,FAR subpart 9.5
PROV-209.571-3-b,SEC-209.571-7,CROSS_REFERENCES,209.571-7
PROV-209.571-4-c,,CROSS_REFERENCES,FAR 9.503
PROV-209.571-4-c,SEC-209.571-7,CROSS_REFERENCES,209.571-7
PROV-209.571-7-c-1-ii,SEC-209.571-3,CROSS_REFERENCES,209.571-3
PROV-209.571-8-a,,CROSS_REFERENCES,252.209-7008
PROV-209.571-8-b,,CROSS_REFERENCES,252.209-7009
PROV-209.572-a-2,,CROSS_REFERENCES,FAR subpart 9.5
PROV-209.572-d-1,,CROSS_REFERENCES,252.209-7012
PROV-209.572-d-2,SEC-209.503-70,CROSS_REFERENCES,209.503-70
PROV-209.572-d-3,SEC-209.503-70,CROSS_REFERENCES,209.503-70
PROV-209.572-e,,CROSS_REFERENCES,FAR part 12
PROV-210.001-a,,CROSS_REFERENCES,FAR 10.001(a)
PROV-210.001-a-i-B,,CROSS_REFERENCES,FAR part 19
PROV-210.001-a-ii,SEC-212.209,CROSS_REFERENCES,212.209
PROV-210.001-a-ii,,CROSS_REFERENCES,234.7002
PROV-210.001-c-2,,CROSS_REFERENCES,FAR 10.001(c)(2)(i)
PROV-210.001-c-2,SEC-205.205-70,CROSS_REFERENCES,205.205-70
PROV-210.002-e-i,,CROSS_REFERENCES,PGI 210.070
PROV-210.002-e-ii,,CROSS_REFERENCES,PGI 210.002
PROV-210.002-e-ii,SEC-210.002,CROSS_REFERENCES,210.002
PROV-210.002-e-iii,,CROSS_REFERENCES,PGI 210.002
PROV-210.002-e-iii,SEC-210.002,CROSS_REFERENCES,210.002
PROV-211.104-1,SEC-206.302-1,CROSS_REFERENCES,206.302-1(c)(2)
PROV-211.104-2,,CROSS_REFERENCES,FAR 13.5
PROV-211.104-2,SEC-213.501,CROSS_REFERENCES,213.501(a)(ii)
PROV-211.107-b,,CROSS_REFERENCES,FAR 52.211-7
PROV-211.170-1,SEC-206.302-1,CROSS_REFERENCES,206.302-1
PROV-211.170-2,,CROSS_REFERENCES,FAR 13.5
PROV-211.170-2,SEC-213.501,CROSS_REFERENCES,213.501(a)(ii)
PROV-211.204-c,,CROSS_REFERENCES,252.211-7002
PROV-211.274-2-a,,CROSS_REFERENCES,PGI 245.402-71
PROV-211.274-2-a-3-ii,,CROSS_REFERENCES,252.211-7003
PROV-211.274-2-a-3-iv,,CROSS_REFERENCES,FAR 2.101
PROV-211.274-2-b-2,,CROSS_REFERENCES,FAR part 12
PROV-211.274-2-b-2-ii,,CROSS_REFERENCES,PGI 211.274-2
PROV-211.274-2-b-2-ii,SEC-211.274-2,CROSS_REFERENCES,211.274-2
PROV-211.274-5-a,,CROSS_REFERENCES,FAR part 12
PROV-211.274-5-a,SEC-211.274-2,CROSS_REFERENCES,211.274-2
PROV-211.274-5-a-1,SEC-211.274-2,CROSS_REFERENCES,211.274-2
PROV-211.274-5-a-2,SEC-211.274-2,CROSS_REFERENCES,211.274-2
PROV-211.274-5-b,,CROSS_REFERENCES,FAR part 12
PROV-211.274-5-b-1,,CROSS_REFERENCES,252.211-7003
PROV-211.503-b,,CROSS_REFERENCES,FAR 52.211-12
PROV-212.001-D1,,CROSS_REFERENCES,FAR 10.002(b)(2)
PROV-212.102-a-i,,CROSS_REFERENCES,FAR part 12
PROV-212.102-a-i-B,,CROSS_REFERENCES,FAR part 12
PROV-212.102-a-i-B-1,,CROSS_REFERENCES,FAR 12.102(f)
PROV-212.102-a-i-B-2,SEC-212.102,CROSS_REFERENCES,212.102
PROV-212.102-a-i-B-3,,CROSS_REFERENCES,212.70
PROV-212.102-a-ii,,CROSS_REFERENCES,FAR part 12
PROV-212.102-a-ii-A,,CROSS_REFERENCES,FAR part 12
PROV-212.102-a-ii-A,SEC-212.102,CROSS_REFERENCES,212.102(a)(iii)(A)(1)
PROV-212.102-a-ii-B-1,,CROSS_REFERENCES,FAR part 12
PROV-212.102-a-ii-B-2,,CROSS_REFERENCES,FAR part 12
PROV-212.102-a-ii-B-2-i,,CROSS_REFERENCES,FAR part 12
PROV-212.102-a-ii-B-2-ii,,CROSS_REFERENCES,FAR part 12
PROV-212.102-a-iii,,CROSS_REFERENCES,FAR part 12
PROV-212.102-a-iii,SEC-212.102,CROSS_REFERENCES,212.102(a)(i)(A)
PROV-212.102-a-iii-A,,CROSS_REFERENCES,FAR 2.101
PROV-212.102-a-iii-C,,CROSS_REFERENCES,FAR 2.101
PROV-212.102-a-iii-D,,CROSS_REFERENCES,PGI 212.102
PROV-212.102-a-iii-D,SEC-212.102,CROSS_REFERENCES,212.102
PROV-212.102-a-v,,CROSS_REFERENCES,PGI 212.102(a)(v)
PROV-212.102-a-v,SEC-212.102,CROSS_REFERENCES,212.102(a)(v)
PROV-212.203-1,SEC-215.101-2-70,CROSS_REFERENCES,215.101-2-70
PROV-212.203-2,,CROSS_REFERENCES,217.7801
PROV-212.203-3,SEC-204.7603,CROSS_REFERENCES,204.7603
PROV-212.203-4,,CROSS_REFERENCES,212.70
PROV-212.203-5,SEC-215.101-71,CROSS_REFERENCES,215.101-71
PROV-212.203-5,,CROSS_REFERENCES,225.7024
PROV-212.203-6,,CROSS_REFERENCES,PGI 205.102-70
PROV-212.203-6,SEC-205.102-70,CROSS_REFERENCES,205.102-70
PROV-212.207-b-i,,CROSS_REFERENCES,FAR 2.101
PROV-212.207-b-iii-A,,CROSS_REFERENCES,FAR 2.101
PROV-212.207-b-iii-B,,CROSS_REFERENCES,FAR 15.403-1(c)(3)(ii)
PROV-212.209-a-1,,CROSS_REFERENCES,234.70
PROV-212.212-2,,CROSS_REFERENCES,208.74
PROV-212.272-a,,CROSS_REFERENCES,239.101
PROV-212.301-c,,CROSS_REFERENCES,239.73
PROV-212.301-f,,CROSS_REFERENCES,FAR part 12
PROV-212.301-f-i-A,,CROSS_REFERENCES,FAR 3.202
PROV-212.301-f-i-B,,CROSS_REFERENCES,252.203-7000
PROV-212.301-f-i-B,SEC-203.171-4,CROSS_REFERENCES,203.171-4(a)
PROV-212.301-f-i-C,,CROSS_REFERENCES,252.203-7002
PROV-212.301-f-i-C,SEC-203.970,CROSS_REFERENCES,203.970
PROV-212.301-f-i-D,,CROSS_REFERENCES,252.203-7005
PROV-212.301-f-i-D,SEC-203.171-4,CROSS_REFERENCES,203.171-4(b)
PROV-212.301-f-ii-A,,CROSS_REFERENCES,252.204-7004
PROV-212.301-f-ii-A,SEC-204.7203,CROSS_REFERENCES,204.7203
PROV-212.301-f-ii-B,,CROSS_REFERENCES,252.204-7008
PROV-212.301-f-ii-B,SEC-204.7304,CROSS_REFERENCES,204.7304(a)
PROV-212.301-f-ii-C,,CROSS_REFERENCES,252.204-7009
PROV-212.301-f-ii-C,SEC-204.7304,CROSS_REFERENCES,204.7304(b)
PROV-212.301-f-ii-D,,CROSS_REFERENCES,252.204-7012
PROV-212.301-f-ii-D,SEC-204.7304,CROSS_REFERENCES,204.7304(c)
PROV-212.301-f-ii-E,,CROSS_REFERENCES,252.204-7014
PROV-212.301-f-ii-F,,CROSS_REFERENCES,252.204-7015
PROV-212.301-f-ii-F,SEC-204.7403,CROSS_REFERENCES,204.7403(b)
PROV-212.301-f-ii-G,,CROSS_REFERENCES,252.204-7016
PROV-212.301-f-ii-G,SEC-204.2105,CROSS_REFERENCES,204.2105(a)
PROV-212.301-f-ii-H,,CROSS_REFERENCES,252.204-7017
PROV-212.301-f-ii-H,SEC-204.2105,CROSS_REFERENCES,204.2105(b)
PROV-212.301-f-ii-I,,CROSS_REFERENCES,252.204-7018
PROV-212.301-f-ii-I,SEC-204.2105,CROSS_REFERENCES,204.2105(c)
PROV-212.301-f-ii-J,,CROSS_REFERENCES,252.204-7019
PROV-212.301-f-ii-J,SEC-204.7304,CROSS_REFERENCES,204.7304
PROV-212.301-f-ii-K,,CROSS_REFERENCES,252.204-7020
PROV-212.301-f-ii-K,SEC-204.7304,CROSS_REFERENCES,204.7304
PROV-212.301-f-ii-L,,CROSS_REFERENCES,252.204-7021
PROV-212.301-f-ii-L,SEC-204.7504,CROSS_REFERENCES,204.7504(a)
PROV-212.301-f-ii-M,,CROSS_REFERENCES,252.204-7022
PROV-212.301-f-ii-M,SEC-204.804-70,CROSS_REFERENCES,204.804-70
PROV-212.301-f-ii-N,,CROSS_REFERENCES,252.204-7023
PROV-212.301-f-ii-N-1,SEC-204.1705,CROSS_REFERENCES,204.1705(a)(i)
PROV-212.301-f-ii-N-2,SEC-204.1705,CROSS_REFERENCES,204.1705(a)(i)
PROV-212.301-f-ii-O,,CROSS_REFERENCES,252.204-7024
PROV-212.301-f-ii-O,SEC-204.7604,CROSS_REFERENCES,204.7604
PROV-212.301-f-ii-P,,CROSS_REFERENCES,252.204-7025
PROV-212.301-f-ii-P,SEC-204.7504,CROSS_REFERENCES,204.7504(b)
PROV-212.301-f-iii,,CROSS_REFERENCES,252.205-7000
PROV-212.301-f-iii,SEC-205.470,CROSS_REFERENCES,205.470
PROV-212.301-f-iv-A,,CROSS_REFERENCES,252.209-7011
PROV-212.301-f-iv-A,SEC-209.170-4,CROSS_REFERENCES,209.170-4
PROV-212.301-f-iv-B,,CROSS_REFERENCES,252.209-7012
PROV-212.301-f-iv-B,SEC-209.572,CROSS_REFERENCES,209.572(e)
PROV-212.301-f-v-A,,CROSS_REFERENCES,252.211-7003
PROV-212.301-f-v-A,SEC-211.274-5,CROSS_REFERENCES,211.274-5(a)(1)
PROV-212.301-f-v-B,,CROSS_REFERENCES,252.211-7008
PROV-212.301-f-v-B,SEC-211.274-5,CROSS_REFERENCES,211.274-5(c)
PROV-212.301-f-vi-A,,CROSS_REFERENCES,252.215-7003
PROV-212.301-f-vi-A,SEC-215.408,CROSS_REFERENCES,215.408(2)(i)
PROV-212.301-f-vi-B,,CROSS_REFERENCES,252.215-7004
PROV-212.301-f-vi-B,SEC-215.408,CROSS_REFERENCES,215.408(2)(ii)
PROV-212.301-f-vi-C,,CROSS_REFERENCES,252.215-7008
PROV-212.301-f-vi-C,SEC-215.408,CROSS_REFERENCES,215.408(3)
PROV-212.301-f-vi-D,,CROSS_REFERENCES,252.215-7010
PROV-212.301-f-vi-D,SEC-215.408,CROSS_REFERENCES,215.408(5)(i)
PROV-212.301-f-vi-D-1,SEC-215.408,CROSS_REFERENCES,215.408(5)(i)(A)
PROV-212.301-f-vi-D-2,SEC-215.408,CROSS_REFERENCES,215.408(5)(i)(B)
PROV-212.301-f-vi-E,,CROSS_REFERENCES,252.215-7016
PROV-212.301-f-vi-E,SEC-215.570,CROSS_REFERENCES,215.570
PROV-212.301-f-vii,,CROSS_REFERENCES,252.216-7010
PROV-212.301-f-viii-A,,CROSS_REFERENCES,252.219-7000
PROV-212.301-f-viii-B,,CROSS_REFERENCES,252.219-7003
PROV-212.301-f-viii-B-1,,CROSS_REFERENCES,219.708(b)(1)(A)(1)
PROV-212.301-f-viii-B-2,,CROSS_REFERENCES,219.708(b)(1)(A)(2)
PROV-212.301-f-viii-B-3,,CROSS_REFERENCES,219.708(b)(1)(A)(3)
PROV-212.301-f-viii-C,,CROSS_REFERENCES,252.219-7004
PROV-212.301-f-viii-D,,CROSS_REFERENCES,252.219-7012
PROV-212.301-f-ix-A,,CROSS_REFERENCES,252.223
PROV-212.301-f-ix-B,,CROSS_REFERENCES,252.223-7009
PROV-212.301-f-x-A,,CROSS_REFERENCES,252.225-7000
PROV-212.301-f-x-A-1,,CROSS_REFERENCES,225.1101(1)(i)
PROV-212.301-f-x-A-2,,CROSS_REFERENCES,225.1101(1)(ii)
PROV-212.301-f-x-B,,CROSS_REFERENCES,252.225-7001
PROV-212.301-f-x-B-1,,CROSS_REFERENCES,225.1101(2)(ii)
PROV-212.301-f-x-B-2,,CROSS_REFERENCES,225.1101(2)(iii)
PROV-212.301-f-x-C,,CROSS_REFERENCES,252.225-7006
PROV-212.301-f-x-D,,CROSS_REFERENCES,252.225-7007
PROV-212.301-f-x-E,,CROSS_REFERENCES,252.225-7008
PROV-212.301-f-x-F,,CROSS_REFERENCES,252.225-7009
PROV-212.301-f-x-G,,CROSS_REFERENCES,252.225-7010
PROV-212.301-f-x-H,,CROSS_REFERENCES,252.225-7012
PROV-212.301-f-x-I,,CROSS_REFERENCES,252.225-7015
PROV-212.301-f-x-J,,CROSS_REFERENCES,252.225-7016
PROV-212.301-f-x-K,,CROSS_REFERENCES,252.225-7017
PROV-212.301-f-x-L,,CROSS_REFERENCES,252.225-7018
PROV-212.301-f-x-M,,CROSS_REFERENCES,252.225-7019
PROV-212.301-f-x-N,,CROSS_REFERENCES,252.225
PROV-212.301-f-x-N-1,,CROSS_REFERENCES,225.1101(5)(i)
PROV-212.301-f-x-N-2,,CROSS_REFERENCES,225.1101(5)(ii)
PROV-212.301-f-x-O,,CROSS_REFERENCES,252.225-7021
PROV-212.301-f-x-O-1,,CROSS_REFERENCES,225.1101(6)(i)
PROV-212.301-f-x-O-2,,CROSS_REFERENCES,225.1101(6)(iii)
PROV-212.301-f-x-P,,CROSS_REFERENCES,252.225-7023
PROV-212.301-f-x-Q,,CROSS_REFERENCES,252.225-7024
PROV-212.301-f-x-R,,CROSS_REFERENCES,252.225-7026
PROV-212.301-f-x-S,,CROSS_REFERENCES,252.225-7027
PROV-212.301-f-x-T,,CROSS_REFERENCES,252.225-7028
PROV-212.301-f-x-U,,CROSS_REFERENCES,252.225-7029
PROV-212.301-f-x-V,,CROSS_REFERENCES,252.225-7031
PROV-212.301-f-x-W,,CROSS_REFERENCES,252.225-7035
PROV-212.301-f-x-W-1,,CROSS_REFERENCES,225.1101(9)(i)
PROV-212.301-f-x-W-2,,CROSS_REFERENCES,225.1101(9)(ii)
PROV-212.301-f-x-W-3,,CROSS_REFERENCES,225.1101(9)(iii)
PROV-212.301-f-x-W-4,,CROSS_REFERENCES,225.1101(9)(iv)
PROV-212.301-f-x-W-5,,CROSS_REFERENCES,225.1101(9)(v)
PROV-212.301-f-x-W-6,,CROSS_REFERENCES,225.1101(9)(vi)
PROV-212.301-f-x-X,,CROSS_REFERENCES,252.225-7036
PROV-212.301-f-x-X-1,,CROSS_REFERENCES,225.1101(10)(i)(A)
PROV-212.301-f-x-X-2,,CROSS_REFERENCES,225.1101(10)(i)(B)
PROV-212.301-f-x-X-3,,CROSS_REFERENCES,225.1101(10)(i)(C)
PROV-212.301-f-x-X-4,,CROSS_REFERENCES,225.1101(10)(i)(D)
PROV-212.301-f-x-X-5,,CROSS_REFERENCES,225.1101(10)(i)(E)
PROV-212.301-f-x-X-6,,CROSS_REFERENCES,225.1101(10)(i)(F)
PROV-212.301-f-x-Y,,CROSS_REFERENCES,252.225-7039
PROV-212.301-f-x-Z,,CROSS_REFERENCES,252.225-7040
PROV-212.301-f-x-AA,,CROSS_REFERENCES,252.225-7043
PROV-212.301-f-x-BB,,CROSS_REFERENCES,252.225-7049
PROV-212.301-f-x-CC,,CROSS_REFERENCES,252.225-7050
PROV-212.301-f-x-DD,,CROSS_REFERENCES,252.225-7051
PROV-212.301-f-x-EE,,CROSS_REFERENCES,252.225-7052
PROV-212.301-f-x-FF,,CROSS_REFERENCES,252.225-7053
PROV-212.301-f-x-GG,,CROSS_REFERENCES,252.225-7054
PROV-212.301-f-x-HH,,CROSS_REFERENCES,252.225-7055
PROV-212.301-f-x-II,,CROSS_REFERENCES,252.225-7056
PROV-212.301-f-x-JJ,,CROSS_REFERENCES,252.225-7059
PROV-212.301-f-x-KK,,CROSS_REFERENCES,252.225-7060
PROV-212.301-f-x-LL,,CROSS_REFERENCES,252.225-7061
PROV-212.301-f-x-MM,,CROSS_REFERENCES,252.225-7062
PROV-212.301-f-x-NN,,CROSS_REFERENCES,252.225-7063
PROV-212.301-f-x-OO,,CROSS_REFERENCES,252.225-7064
PROV-212.301-f-x-PP,,CROSS_REFERENCES,252.225-7065
PROV-212.301-f-xi-A,,CROSS_REFERENCES,252.226-7001
PROV-212.301-f-xi-B,,CROSS_REFERENCES,252.226-7002
PROV-212.301-f-xii-A,,CROSS_REFERENCES,252.227-7013
PROV-212.301-f-xii-B,,CROSS_REFERENCES,252.227-7015
PROV-212.301-f-xii-C,,CROSS_REFERENCES,252.227-7018
PROV-212.301-f-xii-D,,CROSS_REFERENCES,252.227-7037
PROV-212.301-f-xii-E,,CROSS_REFERENCES,252.227-7040
PROV-212.301-f-xii-F,,CROSS_REFERENCES,252.227-7041
PROV-212.301-f-xiii,,CROSS_REFERENCES,252.229-7014
PROV-212.301-f-xiv-A,,CROSS_REFERENCES,252.232-7003
PROV-212.301-f-xiv-B,,CROSS_REFERENCES,252.232-7006
PROV-212.301-f-xiv-F,,CROSS_REFERENCES,252.232-7014
PROV-212.301-f-xv-A,,CROSS_REFERENCES,252.237-7010
PROV-212.301-f-xv-B,,CROSS_REFERENCES,252.237-7019
PROV-212.301-f-xv-C,,CROSS_REFERENCES,252.237-7025
PROV-212.301-f-xv-D,,CROSS_REFERENCES,252.237-7026
PROV-212.301-f-xv-E,,CROSS_REFERENCES,252.237-7027
PROV-212.301-f-xvi,,CROSS_REFERENCES,252.239-7009
PROV-212.301-f-xvi-B,,CROSS_REFERENCES,252.239-7010
PROV-212.301-f-xvi-C,,CROSS_REFERENCES,252.239-7017
PROV-212.301-f-xvi-D,,CROSS_REFERENCES,252.239-7018
PROV-212.301-f-xvii,,CROSS_REFERENCES,252.243-7002
PROV-212.301-f-xix,,CROSS_REFERENCES,252.245-7005
PROV-212.301-f-xx-A,,CROSS_REFERENCES,252.246-7003
PROV-212.301-f-xx-B,,CROSS_REFERENCES,252.246-7004
PROV-212.301-f-xx-C,,CROSS_REFERENCES,252.246-7008
PROV-212.301-f-xxi,,CROSS_REFERENCES,252.247-7003
PROV-212.301-f-xxi-B,,CROSS_REFERENCES,252.247-7023
PROV-212.301-f-xxi-B-1,,CROSS_REFERENCES,247.574(a)(1)
PROV-212.301-f-xxi-B-2,,CROSS_REFERENCES,247.574(a)(2)
PROV-212.301-f-xxi-B-3,,CROSS_REFERENCES,247.574(a)(3)
PROV-212.301-f-xxi-C,,CROSS_REFERENCES,252.247-7025
PROV-212.301-f-xxi-D,,CROSS_REFERENCES,252.247-7026
PROV-212.301-f-xxi-E,,CROSS_REFERENCES,252.247-7027
PROV-212.301-f-xxi-F,,CROSS_REFERENCES,252.247-7028
PROV-212.301-f-xxii-A,,CROSS_REFERENCES,252.270-7000
PROV-212.301-f-xxii-B,,CROSS_REFERENCES,252.270-7001
PROV-212.301-f-xxii-C,,CROSS_REFERENCES,252.270-7002
PROV-212.302-c,,CROSS_REFERENCES,FAR 12.302(c)
PROV-212.370-a,,CROSS_REFERENCES,FAR 52.204-22
PROV-212.370-b,,CROSS_REFERENCES,252.203-7003
PROV-212.370-c,,CROSS_REFERENCES,252.215-7007
PROV-212.371-a,,CROSS_REFERENCES,FAR 52.204-21
PROV-212.371-b,,CROSS_REFERENCES,252.204-7008
PROV-212.371-c,,CROSS_REFERENCES,252.204-7012
PROV-212.371-d,,CROSS_REFERENCES,252.204-7019
PROV-212.371-e,,CROSS_REFERENCES,252.204-7020
PROV-212.371-f,,CROSS_REFERENCES,252.204-7021
PROV-212.371-g,,CROSS_REFERENCES,252.205-7000
PROV-212.371-h,,CROSS_REFERENCES,252.270-7000
PROV-212.371-i,,CROSS_REFERENCES,252.270-7001
PROV-212.371-j,,CROSS_REFERENCES,252.270-7002
PROV-212.371-j,SEC-212.504,CROSS_REFERENCES,212.504
PROV-212.503-a-iii,,CROSS_REFERENCES,252.242-7004
PROV-212.503-a-ix,,CROSS_REFERENCES,225.7009
PROV-212.503-c-i,,CROSS_REFERENCES,FAR 15.403-1(b)(3)
PROV-212.503-c-ii,,CROSS_REFERENCES,FAR 3.503
PROV-212.504-a-ii,,CROSS_REFERENCES,252.247-7023
PROV-212.504-a-xiv,,CROSS_REFERENCES,225.7009-3
PROV-212.504-b-i,,CROSS_REFERENCES,FAR 52.209-6
PROV-212.504-b-ii,,CROSS_REFERENCES,FAR 3.503
PROV-212.505-2,,CROSS_REFERENCES,225.7003-3
PROV-212.505-3,,CROSS_REFERENCES,225.7018-3
PROV-212.602-b-i,,CROSS_REFERENCES,247.206
PROV-212.602-b-ii,,CROSS_REFERENCES,247.301-71
PROV-212.602-b-iii,,CROSS_REFERENCES,247.573-2(c)
PROV-212.7002-b,,CROSS_REFERENCES,FAR 12.207
PROV-212.7002-d,,CROSS_REFERENCES,FAR part 35
PROV-212.7004-a-2,,CROSS_REFERENCES,227.7102
PROV-212.7004-b,,CROSS_REFERENCES,FAR subpart 5.5
PROV-212.7004-d,,CROSS_REFERENCES,FAR subpart 5.2
PROV-212.7004-e,,CROSS_REFERENCES,FAR subpart 19.6
PROV-213.106-1-a-2-i,,CROSS_REFERENCES,239.73
PROV-213.106-1-a-2-ii,SEC-215.101-2-70,CROSS_REFERENCES,215.101-2-70
PROV-213.106-1-a-2-iii,,CROSS_REFERENCES,217.7801
PROV-213.106-2-b-i,SEC-204.7603,CROSS_REFERENCES,204.7603
PROV-213.201-f,,CROSS_REFERENCES,FAR 13.201(f)
PROV-213.201-g,,CROSS_REFERENCES,FAR 13.201(g)
PROV-213.201-g,SEC-213.201,CROSS_REFERENCES,213.201
PROV-213.201-j,,CROSS_REFERENCES,204.21
PROV-213.301-2,SEC-201.603-3,CROSS_REFERENCES,201.603-3
PROV-213.301-2-ii-B,,CROSS_REFERENCES,FAR 8.002
PROV-213.301-2-ii-C,,CROSS_REFERENCES,FAR 13.104(b)
PROV-213.301-4,,CROSS_REFERENCES,FAR 52.229-12
PROV-213.301-6,,CROSS_REFERENCES,PGI 242.302
PROV-213.302-3-2,,CROSS_REFERENCES,PGI 213.302-3
PROV-213.302-3-2,SEC-213.302-3,CROSS_REFERENCES,213.302-3
PROV-213.302-3-3,,CROSS_REFERENCES,252.243-7001
PROV-213.302-5-a,,CROSS_REFERENCES,252.243-7001
PROV-213.302-5-a-d,,CROSS_REFERENCES,FAR 52.213-4
PROV-213.302-5-a-d-i,,CROSS_REFERENCES,252.225-7001
PROV-213.302-5-a-d-ii,,CROSS_REFERENCES,252.225-7036
PROV-213.306-a-1-A,,CROSS_REFERENCES,PGI 213.306
PROV-213.306-a-1-A,SEC-213.306,CROSS_REFERENCES,213.306
PROV-213.501-a-i,,CROSS_REFERENCES,PGI 206.304
PROV-213.501-a-i,SEC-206.303-2,CROSS_REFERENCES,206.303-2
PROV-213.501-a-i,SEC-206.304,CROSS_REFERENCES,206.304
PROV-213.501-a-ii,,CROSS_REFERENCES,FAR 13.501(a)
PROV-213.7001-a-1-i,,CROSS_REFERENCES,PGI 219.804-2
PROV-213.7001-a-1-ii,,CROSS_REFERENCES,PGI 219.8
PROV-213.7001-a-2,,CROSS_REFERENCES,FAR subpart 19.8
PROV-213.7001-b,,CROSS_REFERENCES,FAR 6.302-5(b)(4)
PROV-214.201-5-c,,CROSS_REFERENCES,239.73
PROV-214.201-6-2,,CROSS_REFERENCES,252.215-7007
PROV-214.201-6-2,SEC-215.371-6,CROSS_REFERENCES,215.371-6
PROV-214.201-6-2,SEC-215.408,CROSS_REFERENCES,215.408(3)
PROV-214.202-5-c,,CROSS_REFERENCES,FAR 52.211-6
PROV-214.404-1-1,,CROSS_REFERENCES,FAR 14.404-1(c)
PROV-214.404-1-2,,CROSS_REFERENCES,FAR 14.404-1(f)
PROV-214.404-1-2,SEC-215.371,CROSS_REFERENCES,215.371
PROV-214.407-3-e,,CROSS_REFERENCES,FAR 14.407-3(a)
PROV-214.408-1-b,SEC-215.371,CROSS_REFERENCES,215.371
PROV-214.503-1-a-4,,CROSS_REFERENCES,239.73
PROV-215.101-2-70-a-1-vi,,CROSS_REFERENCES,PGI 215.101-2-70(a)(1)(vi)
PROV-215.101-2-70-a-1-vi,SEC-215.101-2-70,CROSS_REFERENCES,215.101-2-70(a)(1)(vi)
PROV-215.101-2-70-a-1-vii,,CROSS_REFERENCES,FAR 7.101
PROV-215.101-2-70-a-1-vii,SEC-215.101-2-70,CROSS_REFERENCES,215.101-2-70(a)(1)(vii)
PROV-215.101-2-70-b-1,,CROSS_REFERENCES,252.209-7010
PROV-215.101-70-a,,CROSS_REFERENCES,FAR 7.105(a)(3)(i)
PROV-215.101-70-a,SEC-207.105,CROSS_REFERENCES,207.105
PROV-215.101-70-b,,CROSS_REFERENCES,FAR 17.503(d)(2)
PROV-215.101-71-a,,CROSS_REFERENCES,FAR 15.101-1
PROV-215.209-a,,CROSS_REFERENCES,FAR 52.215-1
PROV-215.303-b-2,,CROSS_REFERENCES,PGI 215.303
PROV-215.303-b-2,SEC-215.303,CROSS_REFERENCES,215.303
PROV-215.304-c-i,,CROSS_REFERENCES,FAR 52.219-9
PROV-215.304-c-i-A,,CROSS_REFERENCES,PGI 215.304
PROV-215.304-c-i-A,SEC-215.304,CROSS_REFERENCES,215.304
PROV-215.304-c-i-B,,CROSS_REFERENCES,FAR 52.219-9
PROV-215.304-c-i-C,,CROSS_REFERENCES,FAR 52.219-9
PROV-215.304-c-iii,,CROSS_REFERENCES,247.573-2(c)
PROV-215.304-c-v,,CROSS_REFERENCES,PGI 215.304
PROV-215.304-c-v,SEC-215.304,CROSS_REFERENCES,215.304
PROV-215.304-c-vi-A,,CROSS_REFERENCES,PGI 207.105
PROV-215.304-c-vi-A,SEC-207.105,CROSS_REFERENCES,207.105
PROV-215.304-c-vii,,CROSS_REFERENCES,226.7202
PROV-215.304-c-viii-A,SEC-204.7603,CROSS_REFERENCES,204.7603
PROV-215.304-c-viii-B,SEC-204.7603,CROSS_REFERENCES,204.7603
PROV-215.305-a-2-A,,CROSS_REFERENCES,FAR 15.304
PROV-215.305-a-2-B,,CROSS_REFERENCES,219.702-70
PROV-215.306-c-1,,CROSS_REFERENCES,FAR 15.306
PROV-215.371-1-a,SEC-215.371-2,CROSS_REFERENCES,215.371-2
PROV-215.371-1-b,,CROSS_REFERENCES,FAR 15.403-4
PROV-215.371-1-b,SEC-215.371-3,CROSS_REFERENCES,215.371-3
PROV-215.371-2-a-1,,CROSS_REFERENCES,FAR 6.502(b)
PROV-215.371-2-b,,CROSS_REFERENCES,PGI 215.371-2
PROV-215.371-2-b,SEC-215.371-2,CROSS_REFERENCES,215.371-2
PROV-215.371-3-a,,CROSS_REFERENCES,FAR 15.403-1(b)(2)
PROV-215.371-3-b,,CROSS_REFERENCES,FAR 15.403-1(b)(2)
PROV-215.371-3-d,,CROSS_REFERENCES,FAR 15.405(d)
PROV-215.371-4-a,SEC-215.371-2,CROSS_REFERENCES,215.371-2
PROV-215.371-4-a-3,,CROSS_REFERENCES,FAR subpart 19.5
PROV-215.371-4-a-4,,CROSS_REFERENCES,235.016(a)
PROV-215.371-4-a-5,,CROSS_REFERENCES,FAR 36.601-2
PROV-215.371-4-a-6,,CROSS_REFERENCES,212.70
PROV-215.371-4-a-7,,CROSS_REFERENCES,FAR part 12
PROV-215.371-5-a,SEC-215.371-2,CROSS_REFERENCES,215.371-2
PROV-215.402-a-ii,,CROSS_REFERENCES,PGI 215.402
PROV-215.402-a-ii,SEC-215.402,CROSS_REFERENCES,215.402
PROV-215.403-1-b-i,,CROSS_REFERENCES,PGI 215.403-1
PROV-215.403-1-b-i,SEC-215.403-1,CROSS_REFERENCES,215.403-1
PROV-215.403-1-c-1-A-2-ii,,CROSS_REFERENCES,FAR 15.404-1(b)
PROV-215.403-1-c-1-B,SEC-215.371-3,CROSS_REFERENCES,215.371-3
PROV-215.403-1-c-3-A,,CROSS_REFERENCES,234.7002(e)
PROV-215.403-1-c-3-B,,CROSS_REFERENCES,FAR 15.403-1(b)(3)
PROV-215.403-1-c-3-B,SEC-212.102,CROSS_REFERENCES,212.102(a)(ii)
PROV-215.403-1-c-4-A-3,,CROSS_REFERENCES,PGI 215.403-1
PROV-215.403-1-c-4-A-3,SEC-215.403-1,CROSS_REFERENCES,215.403-1
PROV-215.403-1-c-4-B,,CROSS_REFERENCES,FAR 15.403-1(b)(4)
PROV-215.403-1-c-4-B,SEC-215.403-1,CROSS_REFERENCES,215.403-1(c)(4)(B)
PROV-215.403-1-c-4-C,SEC-215.408,CROSS_REFERENCES,215.408
PROV-215.403-1-c-4-C,,CROSS_REFERENCES,225.870-4
PROV-215.403-1-c-4-D-2,,CROSS_REFERENCES,FAR 15.403-4(a)(1)
PROV-215.403-3-a-1,,CROSS_REFERENCES,PGI 215.403-3
PROV-215.403-3-a-1,SEC-215.403-3,CROSS_REFERENCES,215.403-3
PROV-215.403-3-a-4,,CROSS_REFERENCES,FAR 15.403-3(a)(4)
PROV-215.403-3-a-4,SEC-215.403-3,CROSS_REFERENCES,215.403-3
PROV-215.403-3-c,,CROSS_REFERENCES,234.7002(e)
PROV-215.403-5-b-3,,CROSS_REFERENCES,FAR subpart 31.2
PROV-215.403-5-b-3,SEC-215.403-1,CROSS_REFERENCES,215.403-1
PROV-215.404-1-a-i,,CROSS_REFERENCES,PGI 215.404-1
PROV-215.404-1-a-i,SEC-215.404-1,CROSS_REFERENCES,215.404-1
PROV-215.404-1-b-i,,CROSS_REFERENCES,PGI 215.404-1
PROV-215.404-1-b-i,SEC-215.404-1,CROSS_REFERENCES,215.404-1
PROV-215.404-1-b-ii,SEC-215.403-3,CROSS_REFERENCES,215.403-3(a)(1)
PROV-215.404-1-b-v,,CROSS_REFERENCES,FAR 15.404-1(b)(2)(ii)(B)
PROV-215.404-1-b-v,SEC-215.404-1,CROSS_REFERENCES,215.404-1
PROV-215.404-1-b-vii,,CROSS_REFERENCES,PGI 215.404-1
PROV-215.404-1-b-vii,SEC-215.404-1,CROSS_REFERENCES,215.404-1
PROV-215.404-1-b-viii,SEC-204.7603,CROSS_REFERENCES,204.7603
PROV-215.404-1-b-viii,SEC-215.403-3,CROSS_REFERENCES,215.403-3(a)(1)
PROV-215.404-1-b-h,,CROSS_REFERENCES,FAR 15.404-1(h)(2)
PROV-215.404-1-b-h,SEC-215.404-1,CROSS_REFERENCES,215.404-1
PROV-215.404-4-b-1,,CROSS_REFERENCES,FAR 16.405-2
PROV-215.404-4-b-1,SEC-215.404-74,CROSS_REFERENCES,215.404-74
PROV-215.404-4-b-1,SEC-215.404-75,CROSS_REFERENCES,215.404-75
PROV-215.404-4-c-2-A,SEC-215.404-71,CROSS_REFERENCES,215.404-71
PROV-215.404-4-c-2-B,SEC-215.404-72,CROSS_REFERENCES,215.404-72
PROV-215.404-4-c-2-C,SEC-215.404-73,CROSS_REFERENCES,215.404-73
PROV-215.404-4-c-2-C-1-i,,CROSS_REFERENCES,FAR 15.403-4(a)(1)
PROV-215.404-71-1-b,SEC-215.404-71-5,CROSS_REFERENCES,215.404-71-5
PROV-215.404-71-3-d-viii-B,,CROSS_REFERENCES,FAR 32.1004(b)(2)
PROV-215.404-71-3-d-2,,CROSS_REFERENCES,217.7404-6(a)
PROV-215.404-71-3-d-4-v,,CROSS_REFERENCES,FAR 32.1004(b)(2)
PROV-215.404-71-3-e-3,,CROSS_REFERENCES,FAR 32.501
PROV-215.404-71-4-b-1,,CROSS_REFERENCES,FAR 31.205-10
PROV-215.404-71-4-c,,CROSS_REFERENCES,PGI 215.404-71
PROV-215.404-71-4-c,SEC-215.404-71,CROSS_REFERENCES,215.404-71
PROV-215.404-71-4-d-2,SEC-215.404-71,CROSS_REFERENCES,215.404-71
PROV-215.404-72-b,SEC-215.404-71,CROSS_REFERENCES,215.404-71
PROV-215.404-72-b-1-i,SEC-215.404-71,CROSS_REFERENCES,215.404-71
PROV-215.404-72-b-2,SEC-215.404-71,CROSS_REFERENCES,215.404-71
PROV-215.404-72-c,SEC-215.404-71,CROSS_REFERENCES,215.404-71
PROV-215.404-73-a,SEC-215.404-4,CROSS_REFERENCES,215.404-4
PROV-215.404-73-b-2-ii,,CROSS_REFERENCES,FAR 31.205-10
PROV-215.404-74-a,,CROSS_REFERENCES,FAR 16.405-2
PROV-215.404-74-c,SEC-215.404-73,CROSS_REFERENCES,215.404-73
PROV-215.407-1-c-ii,,CROSS_REFERENCES,FAR 15.407-1(b)(7)
PROV-215.407-4-a,,CROSS_REFERENCES,PGI 215.407-4
PROV-215.407-4-a,SEC-215.407-4,CROSS_REFERENCES,215.407-4
PROV-215.407-5-70-D1,,CROSS_REFERENCES,252.215-7002
PROV-215.407-5-70-D2,,CROSS_REFERENCES,FAR 2.101
PROV-215.407-5-70-c-1-i,,CROSS_REFERENCES,252.215-7002
PROV-215.407-5-70-c-5,,CROSS_REFERENCES,252.215-7002
PROV-215.407-5-70-d-2-ii,,CROSS_REFERENCES,252.215-7002
PROV-215.407-5-70-d-2-ii-A,,CROSS_REFERENCES,PGI 215.407-5-70(d)(2)
PROV-215.407-5-70-d-2-ii-A,SEC-215.407-5-70,CROSS_REFERENCES,215.407-5-70(d)(2)
PROV-215.407-5-70-d-3-i-B-2,,CROSS_REFERENCES,252.215-7002
PROV-215.407-5-70-d-3-i-B-3,,CROSS_REFERENCES,252.242-7005
PROV-215.407-5-70-d-3-ii,,CROSS_REFERENCES,PGI 215.407-5-70(d)(3)
PROV-215.407-5-70-d-3-ii,SEC-215.407-5-70,CROSS_REFERENCES,215.407-5-70(d)(3)
PROV-215.408-1,,CROSS_REFERENCES,252.215-7002
PROV-215.408-2-i-A,,CROSS_REFERENCES,252.215-7003
PROV-215.408-2-i-A-1,,CROSS_REFERENCES,FAR part 12
PROV-215.408-2-i-A-2,,CROSS_REFERENCES,FAR part 12
PROV-215.408-2-i-B,,CROSS_REFERENCES,252.225-7003
PROV-215.408-2-ii-A,,CROSS_REFERENCES,252.215-7004
PROV-215.408-2-ii-A-1,,CROSS_REFERENCES,FAR part 12
PROV-215.408-2-ii-A-2,,CROSS_REFERENCES,FAR part 12
PROV-215.408-2-ii-A-3-i,,CROSS_REFERENCES,FAR part 12
PROV-215.408-2-ii-A-3-ii,,CROSS_REFERENCES,252.215-7004
PROV-215.408-2-ii-B,,CROSS_REFERENCES,252.215-7004
PROV-215.408-3,,CROSS_REFERENCES,FAR part 12
PROV-215.408-4,,CROSS_REFERENCES,252.215-7009
PROV-215.408-5,,CROSS_REFERENCES,252.215-7008
PROV-215.408-5-i,,CROSS_REFERENCES,FAR 52.215-20
PROV-215.408-5-ii,,CROSS_REFERENCES,252.215-7011
PROV-215.408-5-iii,,CROSS_REFERENCES,252.215-7012
PROV-215.408-6,,CROSS_REFERENCES,252.215-7013
PROV-215.408-7,,CROSS_REFERENCES,252.215-7014
PROV-215.408-8,,CROSS_REFERENCES,252.215-7015
PROV-215.470-b,,CROSS_REFERENCES,PGI 215.470
PROV-215.470-b,SEC-215.470,CROSS_REFERENCES,215.470
PROV-215.506-b,,CROSS_REFERENCES,FAR 15.506(b)
PROV-215.506-d,,CROSS_REFERENCES,FAR 15.506(d)
PROV-215.506-e,,CROSS_REFERENCES,239.7305
PROV-215.604-a-3,,CROSS_REFERENCES,FAR 15.604(a)(3)
SEC-216.405-1,SEC-216.405-2,REFERENCES,216.405-2
SEC-216.603-3,SEC-216.603-4,REFERENCES,216.603-4
SEC-217.208,SEC-217.208-70,REFERENCES,217.208-70
SEC-219.806,SEC-219.800,REFERENCES,219.800
SEC-222.1003-1,SEC-222.402-70,REFERENCES,222.402-70
SEC-222.7003,SEC-222.7002,REFERENCES,222.7002
SEC-223.370-4,SEC-223.370,REFERENCES,223.370
SEC-223.7203,SEC-223.7201,REFERENCES,223.7201
SEC-223.7304,SEC-223.7303,REFERENCES,223.7303
SEC-223.7306,SEC-223.7304,REFERENCES,223.7304
SEC-223.7306,SEC-223.7305,REFERENCES,223.7305
SEC-223.7403,SEC-223.7402,REFERENCES,223.7402
SEC-225.371,SEC-225.371-1,REFERENCES,225.371-1
SEC-225.374,SEC-218.271,REFERENCES,218.271
SEC-225.401-70,SEC-225.003,REFERENCES,225.003
SEC-225.401-71,SEC-225.7703-1,REFERENCES,225.7703-1
SEC-225.402,SEC-225.401-70,REFERENCES,225.401-70
SEC-225.503,SEC-225.502,REFERENCES,225.502
SEC-225.504,SEC-225.502,REFERENCES,225.502
SEC-225.770-3,SEC-225.770-2,REFERENCES,225.770-2
SEC-225.771-4,SEC-225.771-2,REFERENCES,225.771-2
SEC-225.772-2,SEC-225.772-4,REFERENCES,225.772-4
SEC-225.872-4,SEC-225.872-1,REFERENCES,225.872-1
SEC-225.7002-2,SEC-225.7002-1,REFERENCES,225.7002-1
SEC-225.7002-3,SEC-225.7002-2,REFERENCES,225.7002-2
SEC-225.7004-2,SEC-225.7004-3,REFERENCES,225.7004-3
SEC-225.7009-3,SEC-225.7009-2,REFERENCES,225.7009-2
SEC-225.7009-4,SEC-225.7009-2,REFERENCES,225.7009-2
SEC-225.7013-0,SEC-225.7013-1,REFERENCES,225.7013-1
SEC-225.7018-3,SEC-225.7018-2,REFERENCES,225.7018-2
SEC-225.7018-5,SEC-225.7018-4,REFERENCES,225.7018-4
SEC-225.7019-4,SEC-225.7019-3,REFERENCES,225.7019-3
SEC-225.7020-2,SEC-225.7020-3,REFERENCES,225.7020-3
SEC-225.7020-2,SEC-225.7020-4,REFERENCES,225.7020-4
SEC-225.7020-3,SEC-225.7020-2,REFERENCES,225.7020-2
SEC-225.7021-3,SEC-225.7021-2,REFERENCES,225.7021-2
SEC-225.7022-4,SEC-225.7022-3,REFERENCES,225.7022-3
SEC-225.7023-2,SEC-225.7023-3,REFERENCES,225.7023-3
SEC-225.7023-3,SEC-225.7023-2,REFERENCES,225.7023-2
SEC-225.7102-2,SEC-225.7102-1,REFERENCES,225.7102-1
SEC-225.7102-3,SEC-225.7102-1,REFERENCES,225.7102-1
SEC-225.7204,SEC-225.7202,REFERENCES,225.7202
SEC-225.7301-2,SEC-216.403-1,REFERENCES,216.403-1
SEC-225.7306,SEC-225.7303-2,REFERENCES,225.7303-2
SEC-225.7602,SEC-225.870,REFERENCES,225.870
SEC-225.7605,SEC-225.7603,REFERENCES,225.7603
SEC-225.7605,SEC-225.7604,REFERENCES,225.7604
SEC-225.7703-2,SEC-225.7703-1,REFERENCES,225.7703-1
SEC-225.7704-2,SEC-225.401-70,REFERENCES,225.401-70
SEC-225.7704-2,SEC-225.7704-3,REFERENCES,225.7704-3
SEC-225.7704-3,SEC-225.1101,REFERENCES,225.1101
SEC-225.7704-3,SEC-225.7503,REFERENCES,225.7503
SEC-225.7705-1,SEC-225.7705-2,REFERENCES,225.7705-2
SEC-225.7902-2,SEC-225.7902-3,REFERENCES,225.7902-3
PROV-216.203-4-2,SEC-216.203-4,REFERENCES,216.203-4
PROV-216.306-c,SEC-216.301-3,REFERENCES,216.301-3
PROV-216.401-c,SEC-216.401,REFERENCES,216.401
PROV-216.401-e,SEC-216.401,REFERENCES,216.401
PROV-216.401-71-3,SEC-216.401,REFERENCES,216.401
PROV-216.402-2-1,SEC-216.402-2,REFERENCES,216.402-2
PROV-216.403-1-b-3,SEC-216.403-1,REFERENCES,216.403-1
PROV-216.405-2-4,SEC-216.405-2,REFERENCES,216.405-2
PROV-216.405-2-71-a,SEC-225.370,REFERENCES,225.370
PROV-216.501-2-70-b,SEC-217.204,REFERENCES,217.204
PROV-216.505-b-1,SEC-216.505-70,REFERENCES,216.505-70
PROV-216.505-b-1-B,SEC-217.7801,REFERENCES,217.7801
PROV-216.505-b-1-2,SEC-216.505,REFERENCES,216.505
PROV-216.603-2-c-3,SEC-217.7404-3,REFERENCES,217.7404-3
PROV-216.603-4-b-2,SEC-217.7405,REFERENCES,217.7405
PROV-216.603-4-b-2-3,SEC-217.7406,REFERENCES,217.7406
PROV-216.703-d,SEC-216.703,REFERENCES,216.703
PROV-217.170-d-1,SEC-217.171,REFERENCES,217.171
PROV-217.172-g-2,SEC-217.172,REFERENCES,217.172
PROV-217.172-h-2-iv,SEC-217.173,REFERENCES,217.173
PROV-217.172-j,SEC-217.172,REFERENCES,217.172
PROV-217.202-1,SEC-217.202,REFERENCES,217.202
PROV-217.202-1-i,SEC-217.202,REFERENCES,217.202
PROV-217.202-1-ii,SEC-217.202,REFERENCES,217.202
PROV-217.207-c-1,SEC-217.207,REFERENCES,217.207
PROV-217.500-b,SEC-217.502-1,REFERENCES,217.502-1
PROV-217.502-1-a-1,SEC-217.502-1,REFERENCES,217.502-1
PROV-217.770-a-3,SEC-217.770,REFERENCES,217.770
PROV-217.7103-3-a,SEC-217.7103-4,REFERENCES,217.7103-4
PROV-217.7103-3-b,SEC-217.7103-3,REFERENCES,217.7103-3
PROV-217.7103-4-b,SEC-217.7103-4,REFERENCES,217.7103-4
PROV-217.7303-a-5,SEC-217.7302,REFERENCES,217.7302
PROV-217.7404-a-1-ii,SEC-217.7404-1,REFERENCES,217.7404-1
PROV-217.7404-5-a,SEC-217.7404-2,REFERENCES,217.7404-2
PROV-217.7404-5-a,SEC-217.7404-3,REFERENCES,217.7404-3
PROV-217.7404-5-a,SEC-217.7404-4,REFERENCES,217.7404-4
PROV-217.7404-5-b,SEC-217.7404,REFERENCES,217.7404
PROV-217.7404-5-b,SEC-217.7404-2,REFERENCES,217.7404-2
PROV-217.7404-5-b,SEC-217.7404-3,REFERENCES,217.7404-3
PROV-217.7404-5-b,SEC-217.7404-4,REFERENCES,217.7404-4
PROV-217.7405-b,SEC-217.7405,REFERENCES,217.7405
PROV-217.7502-b-1,SEC-217.7504,REFERENCES,217.7504
PROV-217.7502-c,SEC-217.7505,REFERENCES,217.7505
PROV-217.7601-a,SEC-217.7601,REFERENCES,217.7601
PROV-218.170-d,SEC-217.7103-4,REFERENCES,217.7103-4
PROV-218.170-e,SEC-217.7506,REFERENCES,217.7506
PROV-218.170-f,SEC-223.7102,REFERENCES,223.7102
PROV-218.170-g,SEC-225.7002,REFERENCES,225.7002
PROV-218.170-g,SEC-225.7002-2,REFERENCES,225.7002-2
PROV-218.201-8,SEC-216.601,REFERENCES,216.601
PROV-218.201-9,SEC-217.7404-5,REFERENCES,217.7404-5
PROV-218.201-10,SEC-225.701-70,REFERENCES,225.701-70
PROV-218.201-11,SEC-225.7002,REFERENCES,225.7002
PROV-218.201-11,SEC-225.7002-2,REFERENCES,225.7002-2
PROV-218.202-1,SEC-218.203,REFERENCES,218.203
PROV-218.202-2,SEC-216.601,REFERENCES,216.601
PROV-218.202-3,SEC-216.601,REFERENCES,216.601
PROV-218.204-3,SEC-216.601,REFERENCES,216.601
PROV-219.201-c-10-A,SEC-219.201,REFERENCES,219.201
PROV-219.201-d,SEC-219.201,REFERENCES,219.201
PROV-219.402-c-i-iii-A,SEC-225.7300,REFERENCES,225.7300
PROV-219.502-1-2,SEC-219.402,REFERENCES,219.402
PROV-219.703-b-ii,SEC-219.704,REFERENCES,219.704
PROV-219.705-4-d-i-ii,SEC-219.705-4,REFERENCES,219.705-4
PROV-219.705-6-f,SEC-219.705-6,REFERENCES,219.705-6
PROV-219.708-b-1-A-2,SEC-219.702-70,REFERENCES,219.702-70
PROV-219.708-b-1-A-B,SEC-219.702-70,REFERENCES,219.702-70
PROV-219.708-c-1,SEC-219.702-70,REFERENCES,219.702-70
PROV-219.800-DoD,SEC-219.800,REFERENCES,219.800
PROV-219.806-2,SEC-219.808,REFERENCES,219.808
PROV-219.811-3-1,SEC-219.800,REFERENCES,219.800
PROV-219.811-3-2,SEC-219.800,REFERENCES,219.800
PROV-219.811-3-3,SEC-219.800,REFERENCES,219.800
PROV-219.7103-2-e,SEC-219.7104,REFERENCES,219.7104
PROV-219.7103-2-e-3,SEC-219.7102,REFERENCES,219.7102
PROV-222.101-3-70-a,SEC-222.101-3,REFERENCES,222.101-3
PROV-222.101-4-a-i,SEC-222.101-3,REFERENCES,222.101-3
PROV-222.101-4-a-ii,SEC-222.101-4,REFERENCES,222.101-4
PROV-222.101-70-b,SEC-222.102,REFERENCES,222.102
PROV-222.404-2,SEC-222.404-2,REFERENCES,222.404-2
PROV-222.404-2-c-5,SEC-222.404-2,REFERENCES,222.404-2
PROV-222.406-8-a,SEC-222.406-8,REFERENCES,222.406-8
PROV-222.406-8-d,SEC-222.406-8,REFERENCES,222.406-8
PROV-222.406-13-10-iii,SEC-222.406-13,REFERENCES,222.406-13
PROV-222.807-c,SEC-222.807,REFERENCES,222.807
PROV-222.1305-c,SEC-222.1305,REFERENCES,222.1305
PROV-222.7404-a,SEC-222.7402,REFERENCES,222.7402
PROV-222.7404-c,SEC-222.7404,REFERENCES,222.7404
PROV-223.107-1-e,SEC-223.107-1,REFERENCES,223.107-1
PROV-223.370-3-b,SEC-223.370-4,REFERENCES,223.370-4
PROV-223.7102-a,SEC-223.7104,REFERENCES,223.7104
PROV-223.7103-a-1-i,SEC-223.7104,REFERENCES,223.7104
PROV-223.7103-a-1-ii,SEC-223.7104,REFERENCES,223.7104
PROV-223.7103-b,SEC-223.7104,REFERENCES,223.7104
PROV-223.7104-a-9,SEC-223.7105,REFERENCES,223.7105
PROV-223.7106-a,SEC-223.7104,REFERENCES,223.7104
PROV-223.7106-b,SEC-223.7104,REFERENCES,223.7104
PROV-223.7303-a,SEC-223.7304,REFERENCES,223.7304
PROV-223.7303-a,SEC-223.7305,REFERENCES,223.7305
PROV-223.7305-a,SEC-223.7303,REFERENCES,223.7303
PROV-223.7305-b,SEC-223.7304,REFERENCES,223.7304
PROV-223.7305-b,SEC-223.7305,REFERENCES,223.7305
PROV-225.003-1-i,SEC-225.401-70,REFERENCES,225.401-70
PROV-225.003-1-ii,SEC-225.003,REFERENCES,225.003
PROV-225.003-1-ii-A,SEC-225.103,REFERENCES,225.103
PROV-225.101-c,SEC-225.103,REFERENCES,225.103
PROV-225.101-a-ii,SEC-225.101,REFERENCES,225.101
PROV-225.101-a-ii-2,SEC-225.103,REFERENCES,225.103
PROV-225.101-a-ii-2-A,SEC-225.1101,REFERENCES,225.1101
PROV-225.101-a-ii-2-B,SEC-225.1101,REFERENCES,225.1101
PROV-225.101-a-ii-2-C,SEC-225.1101,REFERENCES,225.1101
PROV-225.101-a-ii-2-D,SEC-225.1101,REFERENCES,225.1101
PROV-225.103-a-i-A,SEC-225.872,REFERENCES,225.872
PROV-225.103-a-i-A-ii-A-B,SEC-225.872-4,REFERENCES,225.872-4
PROV-225.202-a-2,SEC-225.103,REFERENCES,225.103
PROV-225.370-a,SEC-225.370,REFERENCES,225.370
PROV-225.370-c,SEC-225.370,REFERENCES,225.370
PROV-225.370-d,SEC-225.370,REFERENCES,225.370
PROV-225.371-3-a,SEC-225.371-3,REFERENCES,225.371-3
PROV-225.371-3-d,SEC-225.371-3,REFERENCES,225.371-3
PROV-225.371-3-SPOT,SEC-225.371-3,REFERENCES,225.371-3
PROV-225.371-5-USCENTCOM-b,SEC-225.371-5,REFERENCES,225.371-5
PROV-225.371-5-USCENTCOM-b,SEC-225.372,REFERENCES,225.372
PROV-225.401-DPCAP-B,SEC-225.7704-1,REFERENCES,225.7704-1
PROV-225.403-c-iii,SEC-225.7704-1,REFERENCES,225.7704-1
PROV-225.502-a,SEC-225.401-70,REFERENCES,225.401-70
PROV-225.502-b-i,SEC-225.403,REFERENCES,225.403
PROV-225.502-b-i,SEC-225.7703-1,REFERENCES,225.7703-1
PROV-225.502-c-i-A-B,SEC-225.106,REFERENCES,225.106
PROV-225.502-c-ii-B,SEC-225.504,REFERENCES,225.504
PROV-225.502-c-ii-C,SEC-225.872-1,REFERENCES,225.872-1
PROV-225.502-c-ii-C,SEC-225.872-4,REFERENCES,225.872-4
PROV-225.502-c-ii-D,SEC-225.504,REFERENCES,225.504
PROV-225.502-c-ii-E-1,SEC-225.504,REFERENCES,225.504
PROV-225.502-c-ii-E-2,SEC-225.504,REFERENCES,225.504
PROV-225.502-c-iii-C,SEC-225.103,REFERENCES,225.103
PROV-225.502-c-iv,SEC-225.7703-3,REFERENCES,225.7703-3
PROV-225.770-4-b,SEC-225.770,REFERENCES,225.770
PROV-225.770-4-b,SEC-225.770-5,REFERENCES,225.770-5
PROV-225.770-5-a,SEC-225.770-2,REFERENCES,225.770-2
PROV-225.770-5-a-c-1,SEC-225.770-5,REFERENCES,225.770-5
PROV-225.772-2-b-1-ii,SEC-225.772-3,REFERENCES,225.772-3
PROV-225.772-3-b-1,SEC-225.772-3,REFERENCES,225.772-3
PROV-225.772-3-b-2,SEC-225.772-4,REFERENCES,225.772-4
PROV-225.772-3-c-1-2,SEC-225.772-3,REFERENCES,225.772-3
PROV-225.772-4-a,SEC-225.772-2,REFERENCES,225.772-2
PROV-225.772-4-b,SEC-225.772-3,REFERENCES,225.772-3
PROV-225.802-b,SEC-225.802,REFERENCES,225.802
PROV-225.870-1-b,SEC-225.870-2,REFERENCES,225.870-2
PROV-225.870-1-d,SEC-225.870-1,REFERENCES,225.870-1
PROV-225.870-3-a,SEC-225.870-4,REFERENCES,225.870-4
PROV-225.870-3-d,SEC-225.870-4,REFERENCES,225.870-4
PROV-225.870-4-a,SEC-225.870-1,REFERENCES,225.870-1
PROV-225.870-4-c-4,SEC-225.870-1,REFERENCES,225.870-1
PROV-225.871-3-b,SEC-225.871-4,REFERENCES,225.871-4
PROV-225.871-4-b,SEC-225.871-5,REFERENCES,225.871-5
PROV-225.871-4-c,SEC-225.871-4,REFERENCES,225.871-4
PROV-225.871-5-b,SEC-225.871-5,REFERENCES,225.871-5
PROV-225.871-7-b,SEC-225.871-4,REFERENCES,225.871-4
PROV-225.872-1-b,SEC-225.872-4,REFERENCES,225.872-4
PROV-225.872-3-b,SEC-225.870,REFERENCES,225.870
PROV-225.872-3-e,SEC-225.872-4,REFERENCES,225.872-4
PROV-225.872-5-b,SEC-225.872-5,REFERENCES,225.872-5
PROV-225.903-b-i,SEC-225.903,REFERENCES,225.903
PROV-225.903-b-i-ii,SEC-225.903,REFERENCES,225.903
PROV-225.1101-2-i-C,SEC-225.103,REFERENCES,225.103
PROV-225.1101-2-i-D,SEC-225.7501,REFERENCES,225.7501
PROV-225.1101-2-i-F,SEC-225.7703-1,REFERENCES,225.7703-1
PROV-225.1101-2-i-ii,SEC-225.401-70,REFERENCES,225.401-70
PROV-225.1101-2-i-iii,SEC-225.401-70,REFERENCES,225.401-70
PROV-225.1101-2-i-iv-A,SEC-225.401-70,REFERENCES,225.401-70
PROV-225.1101-2-i-iv-B,SEC-225.101,REFERENCES,225.101
PROV-225.1101-2-i-v-A,SEC-225.401-70,REFERENCES,225.401-70
PROV-225.1101-2-i-v-B,SEC-225.101,REFERENCES,225.101
PROV-225.1101-5,SEC-225.1101,REFERENCES,225.1101
PROV-225.1101-6,SEC-225.401-70,REFERENCES,225.401-70
PROV-225.1101-6-iii,SEC-225.101,REFERENCES,225.101
PROV-225.1101-6-iv-B,SEC-225.101,REFERENCES,225.101
PROV-225.1101-10-i,SEC-225.401-70,REFERENCES,225.401-70
PROV-225.1101-10-i,SEC-225.401,REFERENCES,225.401
PROV-225.1101-10-i-G-2,SEC-225.101,REFERENCES,225.101
PROV-225.1101-10-i-H-2,SEC-225.101,REFERENCES,225.101
PROV-225.1101-10-i-I-3,SEC-225.101,REFERENCES,225.101
PROV-225.1101-10-i-K-2,SEC-225.101,REFERENCES,225.101
PROV-225.1101-10-i-L-3,SEC-225.101,REFERENCES,225.101
PROV-225.1101-10-i-ii-A,SEC-225.401,REFERENCES,225.401
PROV-225.1101-10-i-ii-A,SEC-225.1103,REFERENCES,225.1103
PROV-225.1101-10-i-ii-C,SEC-225.7703-1,REFERENCES,225.7703-1
PROV-225.1103-4,SEC-225.770-3,REFERENCES,225.770-3
PROV-225.7001-2,SEC-225.7004-2,REFERENCES,225.7004-2
PROV-225.7001-4,SEC-225.7003,REFERENCES,225.7003
PROV-225.7001-4,SEC-225.7018,REFERENCES,225.7018
PROV-225.7002-1-a,SEC-225.7002-2,REFERENCES,225.7002-2
PROV-225.7002-1-a-1-ii,SEC-225.7002-1,REFERENCES,225.7002-1
PROV-225.7002-1-a-1-vii,SEC-225.7002-2,REFERENCES,225.7002-2
PROV-225.7002-1-a-1-2,SEC-225.7002-1,REFERENCES,225.7002-1
PROV-225.7002-1-b,SEC-225.7002-2,REFERENCES,225.7002-2
PROV-225.7002-2-b,SEC-225.7002-1,REFERENCES,225.7002-1
PROV-225.7002-2-b-3,SEC-225.7002-2,REFERENCES,225.7002-2
PROV-225.7002-2-j-2,SEC-225.7002-2,REFERENCES,225.7002-2
PROV-225.7002-2-n,SEC-225.003,REFERENCES,225.003
PROV-225.7002-3-b,SEC-225.7002-2,REFERENCES,225.7002-2
PROV-225.7002-3-c,SEC-225.7002-2,REFERENCES,225.7002-2
PROV-225.7003-1-2-ii,SEC-225.7003-2,REFERENCES,225.7003-2
PROV-225.7003-2-a,SEC-225.7003-3,REFERENCES,225.7003-3
PROV-225.7003-2-a-1,SEC-225.7003-2,REFERENCES,225.7003-2
PROV-225.7003-3-a,SEC-225.7003-2,REFERENCES,225.7003-2
PROV-225.7003-3-a-b,SEC-225.7003-2,REFERENCES,225.7003-2
PROV-225.7003-3-a-b-2-i-C,SEC-225.7003-3,REFERENCES,225.7003-3
PROV-225.7003-3-a-b-2-i-ii,SEC-225.7003-3,REFERENCES,225.7003-3
PROV-225.7003-3-a-b-4,SEC-225.7003-2,REFERENCES,225.7003-2
PROV-225.7003-3-a-b-5,SEC-225.7003-2,REFERENCES,225.7003-2
PROV-225.7003-3-a-b-5,SEC-225.7003-3,REFERENCES,225.7003-3
PROV-225.7003-3-a-b-5-ii-B-1,SEC-225.7003-4,REFERENCES,225.7003-4
PROV-225.7003-3-a-b-6,SEC-225.7003-3,REFERENCES,225.7003-3
PROV-225.7003-3-a-b-c,SEC-225.7003-2,REFERENCES,225.7003-2
PROV-225.7003-3-a-b-c-2,SEC-225.7003-3,REFERENCES,225.7003-3
PROV-225.7003-3-a-b-d,SEC-225.7003-2,REFERENCES,225.7003-2
PROV-225.7003-3-a-b-d,SEC-225.7003-3,REFERENCES,225.7003-3
PROV-225.7003-5-a,SEC-225.7003-2,REFERENCES,225.7003-2
PROV-225.7003-5-a,SEC-225.7003-3,REFERENCES,225.7003-3
PROV-225.7003-5-c,SEC-225.7003-3,REFERENCES,225.7003-3
PROV-225.7004-2-b,SEC-225.7004-4,REFERENCES,225.7004-4
PROV-225.7004-2-b-6,SEC-225.7004-5,REFERENCES,225.7004-5
PROV-225.7004-2-d-3,SEC-225.7004-3,REFERENCES,225.7004-3
PROV-225.7004-3-a,SEC-225.7004-2,REFERENCES,225.7004-2
PROV-225.7004-3-b,SEC-225.7004-2,REFERENCES,225.7004-2
PROV-225.7004-3-c,SEC-225.7004-2,REFERENCES,225.7004-2
PROV-225.7004-3-d,SEC-225.7004-2,REFERENCES,225.7004-2
PROV-225.7004-3-e,SEC-225.7004-2,REFERENCES,225.7004-2
PROV-225.7004-4-a,SEC-225.7004-2,REFERENCES,225.7004-2
PROV-225.7004-4-b,SEC-225.7004-2,REFERENCES,225.7004-2
PROV-225.7004-5-b,SEC-225.7004-2,REFERENCES,225.7004-2
PROV-225.7004-6-a-1,SEC-225.7004-2,REFERENCES,225.7004-2
PROV-225.7004-6-a-1,SEC-225.7004-5,REFERENCES,225.7004-5
PROV-225.7004-6-c,SEC-225.7004-2,REFERENCES,225.7004-2
PROV-225.7004-6-c-1-i-B,SEC-225.872,REFERENCES,225.872
PROV-225.7004-7-b-1,SEC-225.7004-3,REFERENCES,225.7004-3
PROV-225.7004-7-c,SEC-225.7005,REFERENCES,225.7005
PROV-225.7004-7-d-1,SEC-225.7004-3,REFERENCES,225.7004-3
PROV-225.7009-2-b,SEC-225.7003-2,REFERENCES,225.7003-2
PROV-225.7009-5-c,SEC-225.7009-4,REFERENCES,225.7009-4
PROV-225.7017-3-a,SEC-225.103,REFERENCES,225.103
PROV-225.7017-3-a-i-A,SEC-225.003,REFERENCES,225.003
PROV-225.7017-3-a-i-A-c,SEC-225.7017-4,REFERENCES,225.7017-4
PROV-225.7018-2-a,SEC-225.7018-3,REFERENCES,225.7018-3
PROV-225.7018-2-a,SEC-225.7018-4,REFERENCES,225.7018-4
PROV-225.7018-2-b-2,SEC-225.7018-3,REFERENCES,225.7018-3
PROV-225.7018-2-3,SEC-225.7003,REFERENCES,225.7003
PROV-225.7018-2-3-4,SEC-225.7018-3,REFERENCES,225.7018-3
PROV-225.7018-2-3-c-2,SEC-225.7018-3,REFERENCES,225.7018-3
PROV-225.7018-2-3-d-2,SEC-225.7018-3,REFERENCES,225.7018-3
PROV-225.7018-3-c-1,SEC-225.7018-3,REFERENCES,225.7018-3
PROV-225.7018-3-c-2,SEC-225.7018-3,REFERENCES,225.7018-3
PROV-225.7018-3-d,SEC-225.7018-4,REFERENCES,225.7018-4
PROV-225.7018-3-d-1,SEC-225.7018-4,REFERENCES,225.7018-4
PROV-225.7018-4-a-1,SEC-225.7018-3,REFERENCES,225.7018-3
PROV-225.7018-4-d-2,SEC-225.7018-4,REFERENCES,225.7018-4
PROV-225.7018-4-d-3,SEC-225.7018-4,REFERENCES,225.7018-4
PROV-225.7018-4-d-b,SEC-225.7018-4,REFERENCES,225.7018-4
PROV-225.7019-3-a,SEC-225.7019-2,REFERENCES,225.7019-2
PROV-225.7019-3-b,SEC-225.7019-3,REFERENCES,225.7019-3
PROV-225.7020-1-2,SEC-225.7020-2,REFERENCES,225.7020-2
PROV-225.7020-4-a,SEC-225.7020-2,REFERENCES,225.7020-2
PROV-225.7020-4-b,SEC-225.7020-4,REFERENCES,225.7020-4
PROV-225.7020-5-b,SEC-225.7020-3,REFERENCES,225.7020-3
PROV-225.7020-5-b,SEC-225.7020-4,REFERENCES,225.7020-4
PROV-225.7024-3-a-1-ii,SEC-225.7901-2,REFERENCES,225.7901-2
PROV-225.7024-3-a-1-iii,SEC-225.7901-2,REFERENCES,225.7901-2
PROV-225.7102-4-a,SEC-225.7102-1,REFERENCES,225.7102-1
PROV-225.7102-4-b,SEC-225.7102-2,REFERENCES,225.7102-2
PROV-225.7301-c,SEC-225.7301,REFERENCES,225.7301
PROV-225.7302-1-i,SEC-225.7301,REFERENCES,225.7301
PROV-225.7302-1-iii,SEC-225.7301,REFERENCES,225.7301
PROV-225.7302-2,SEC-225.7302,REFERENCES,225.7302
PROV-225.7303-1,SEC-225.7303-1,REFERENCES,225.7303-1
PROV-225.7303-2-a,SEC-225.7303-1,REFERENCES,225.7303-1
PROV-225.7303-2-a,SEC-225.7303-5,REFERENCES,225.7303-5
PROV-225.7303-2-a-3,SEC-225.7306,REFERENCES,225.7306
PROV-225.7303-2-c,SEC-225.7303-5,REFERENCES,225.7303-5
PROV-225.7303-4-b-1,SEC-225.7307,REFERENCES,225.7307
PROV-225.7304-d-3,SEC-225.7305,REFERENCES,225.7305
PROV-225.7307-a,SEC-225.7303-4,REFERENCES,225.7303-4
PROV-225.7501-a-5,SEC-225.7703-1,REFERENCES,225.7703-1
PROV-225.7501-b-1-iii,SEC-225.401-70,REFERENCES,225.401-70
PROV-225.7501-b-1-iii,SEC-225.7704-2,REFERENCES,225.7704-2
PROV-225.7501-b-1-iv,SEC-225.7502,REFERENCES,225.7502
PROV-225.7501-b-2,SEC-225.7704-2,REFERENCES,225.7704-2
PROV-225.7503-a-3,SEC-225.101,REFERENCES,225.101
PROV-225.7503-a-4-ii,SEC-225.101,REFERENCES,225.101
PROV-225.7503-b-5-ii,SEC-225.101,REFERENCES,225.101
PROV-225.7503-b-6-ii,SEC-225.101,REFERENCES,225.101
PROV-225.7503-b-7-iii,SEC-225.101,REFERENCES,225.101
PROV-225.7503-b-8-iii,SEC-225.101,REFERENCES,225.101
PROV-225.7703-1-a,SEC-225.7703-2,REFERENCES,225.7703-2
PROV-225.7703-1-a,SEC-225.7702,REFERENCES,225.7702
PROV-225.7703-1-a-1,SEC-225.7703-3,REFERENCES,225.7703-3
PROV-225.7703-1-c,SEC-225.7703-1,REFERENCES,225.7703-1
PROV-225.7703-2-b-1,SEC-225.7703-1,REFERENCES,225.7703-1
PROV-225.7703-2-b-1-ii-B,SEC-225.7703-2,REFERENCES,225.7703-2
PROV-225.7703-2-c,SEC-225.7703-2,REFERENCES,225.7703-2
PROV-225.7703-4-a,SEC-225.7703-1,REFERENCES,225.7703-1
PROV-225.7703-4-c-1,SEC-225.7703-1,REFERENCES,225.7703-1
PROV-225.7703-4-c-2,SEC-225.7703-1,REFERENCES,225.7703-1
PROV-225.7703-4-e,SEC-225.1101,REFERENCES,225.1101
PROV-225.7705-2-a,SEC-225.7705-1,REFERENCES,225.7705-1
PROV-225.7705-3-a-2-i,SEC-225.7705-2,REFERENCES,225.7705-2
PROV-225.7705-3-a-2-i-ii-A,SEC-225.7705-2,REFERENCES,225.7705-2
PROV-225.7705-3-a-2-i-ii-A-B,SEC-225.7705-2,REFERENCES,225.7705-2
PROV-225.7900-b,SEC-225.7902,REFERENCES,225.7902
PROV-225.7902-4-a,SEC-225.7902-4,REFERENCES,225.7902-4
PROV-225.7902-4-b,SEC-225.7902-4,REFERENCES,225.7902-4
PROV-225.7902-5-b-1-2,SEC-225.7902-4,REFERENCES,225.7902-4
DFARS-S227.672,DFARS-S227.675,REFERENCES,227.675
DFARS-S227.672,DFARS-S227.674,REFERENCES,227.674
DFARS-S227.7011,DFARS-S227.7010,REFERENCES,227.7010
DFARS-S227.7102-3,DFARS-S227.7103-13,REFERENCES,227.7103-13
DFARS-S227.7105-3,DFARS-S227.7106,REFERENCES,227.7106
DFARS-S227.7107-2,DFARS-S227.7103-6,REFERENCES,227.7103-6
DFARS-S227.7107-2,DFARS-S227.7203-6,REFERENCES,227.7203-6
DFARS-S227.7202-4,DFARS-S227.7202-3,REFERENCES,227.7202-3
DFARS-S227.7204,DFARS-S227.7104,REFERENCES,227.7104
DFARS-S227.7206,DFARS-S227.7107,REFERENCES,227.7107
DFARS-S227.7207,DFARS-S227.7108,REFERENCES,227.7108
DFARS-S229.170-3,DFARS-S229.170-2,REFERENCES,229.170-2
DFARS-S231.603,DFARS-S231.205-22,REFERENCES,231.205-22
DFARS-S231.703,DFARS-S231.205-22,REFERENCES,231.205-22
DFARS-S232.072,DFARS-S232.072-1,REFERENCES,232.072-1
DFARS-S232.610,DFARS-S232.070,REFERENCES,232.070
DFARS-S232.702,DFARS-S232.703-1,REFERENCES,232.703-1
DFARS-S232.903,DFARS-S232.906,REFERENCES,232.906
DFARS-S232.908,DFARS-S232.901,REFERENCES,232.901
DFARS-S233.215-70,DFARS-S234.004,REFERENCES,234.004
DFARS-S234.005-1,DFARS-S235.016,REFERENCES,235.016
DFARS-S234.203,DFARS-S234.201,REFERENCES,234.201
DFARS-S235.008,DFARS-S235.010,REFERENCES,235.010
DFARS-S235.070-3,DFARS-S235.070-1,REFERENCES,235.070-1
DFARS-S237.109,DFARS-S237.102-70,REFERENCES,237.102-70
DFARS-S237.173-4,DFARS-S237.173-3,REFERENCES,237.173-3
DFARS-S237.175,DFARS-S235.072,REFERENCES,235.072
DFARS-S237.7803,DFARS-S237.7802,REFERENCES,237.7802
DFARS-S227.673-a-2,DFARS-S227.675-1,REFERENCES,227.675-1
DFARS-S227.673-b-2,DFARS-S227.674,REFERENCES,227.674
DFARS-S227.7004-a,DFARS-S227.7002,REFERENCES,227.7002
DFARS-S227.7004-b-10,DFARS-S227.7005,REFERENCES,227.7005
DFARS-S227.7005-a,DFARS-S227.7004,REFERENCES,227.7004
DFARS-S227.7005-b,DFARS-S227.7004,REFERENCES,227.7004
DFARS-S227.7005-c,DFARS-S227.7004,REFERENCES,227.7004
DFARS-S227.7009-4-d-1,DFARS-S227.7010,REFERENCES,227.7010
DFARS-S227.7102-2-a,DFARS-S227.7102-1,REFERENCES,227.7102-1
DFARS-S227.7102-2-a,DFARS-S227.7102-3,REFERENCES,227.7102-3
DFARS-S227.7102-4-b,DFARS-S227.7103-6,REFERENCES,227.7103-6
DFARS-S227.7103-2-a,DFARS-S227.7103-1,REFERENCES,227.7103-1
DFARS-S227.7103-3-c,DFARS-S227.7103-6,REFERENCES,227.7103-6
DFARS-S227.7103-4-a-1,DFARS-S227.7103-5,REFERENCES,227.7103-5
DFARS-S227.7103-5-b-4-i,DFARS-S227.7103-7,REFERENCES,227.7103-7
DFARS-S227.7103-5-c-4,DFARS-S227.7103-7,REFERENCES,227.7103-7
DFARS-S227.7103-5-d-1,DFARS-S227.7103-6,REFERENCES,227.7103-6
DFARS-S227.7103-6-a,DFARS-S227.7102-4,REFERENCES,227.7102-4
DFARS-S227.7103-6-a,DFARS-S227.7105,REFERENCES,227.7105
DFARS-S227.7103-6-a,DFARS-S227.7106,REFERENCES,227.7106
DFARS-S227.7103-6-a,DFARS-S227.7104,REFERENCES,227.7104
DFARS-S227.7103-6-a,DFARS-S227.7107-2,REFERENCES,227.7107-2
DFARS-S227.7103-7-b#2,DFARS-S227.7103-7,REFERENCES,227.7103-7
DFARS-S227.7103-7-d,DFARS-S227.7103-7,REFERENCES,227.7103-7
DFARS-S227.7103-9-b,DFARS-S227.7105,REFERENCES,227.7105
DFARS-S227.7103-9-b,DFARS-S227.7106,REFERENCES,227.7106
DFARS-S227.7103-10-a,DFARS-S227.7103-10,REFERENCES,227.7103-10
DFARS-S227.7103-10-a-2,DFARS-S227.7103-13,REFERENCES,227.7103-13
DFARS-S227.7103-10-a-3,DFARS-S227.7103-13,REFERENCES,227.7103-13
DFARS-S227.7103-10-a-4,DFARS-S227.7103-13,REFERENCES,227.7103-13
DFARS-S227.7103-13-a,DFARS-S227.7103-13,REFERENCES,227.7103-13
DFARS-S227.7103-14-b-3-i,DFARS-S227.7103-15,REFERENCES,227.7103-15
DFARS-S227.7103-15-b,DFARS-S227.7103-13,REFERENCES,227.7103-13
DFARS-S227.7103-16-b,DFARS-S227.7103-7,REFERENCES,227.7103-7
DFARS-S227.7104-1-a,DFARS-S227.7104-2,REFERENCES,227.7104-2
DFARS-S227.7104-1-d,DFARS-S227.7104-1,REFERENCES,227.7104-1
DFARS-S227.7104-1-e-1,DFARS-S227.7103-9,REFERENCES,227.7103-9
DFARS-S227.7104-1-e-1,DFARS-S227.7203-9,REFERENCES,227.7203-9
DFARS-S227.7104-1-e-2,DFARS-S227.7103-10,REFERENCES,227.7103-10
DFARS-S227.7104-1-e-2,DFARS-S227.7203-10,REFERENCES,227.7203-10
DFARS-S227.7104-1-e-3,DFARS-S227.7103-11,REFERENCES,227.7103-11
DFARS-S227.7104-1-e-3,DFARS-S227.7203-11,REFERENCES,227.7203-11
DFARS-S227.7104-1-e-4,DFARS-S227.7103-12,REFERENCES,227.7103-12
DFARS-S227.7104-1-e-4,DFARS-S227.7203-12,REFERENCES,227.7203-12
DFARS-S227.7104-2-a-2,DFARS-S227.7104-2,REFERENCES,227.7104-2
DFARS-S227.7104-2-b,DFARS-S227.7104-3,REFERENCES,227.7104-3
DFARS-S227.7104-2-e-4,DFARS-S227.7202-3,REFERENCES,227.7202-3
DFARS-S227.7105-1-b,DFARS-S227.7106,REFERENCES,227.7106
DFARS-S227.7105-1-b,DFARS-S227.7103,REFERENCES,227.7103
DFARS-S227.7107-1-a,DFARS-S227.7107-2,REFERENCES,227.7107-2
DFARS-S227.7108-a-5,DFARS-S227.7103-7,REFERENCES,227.7103-7
DFARS-S227.7200-b,DFARS-S227.7200,REFERENCES,227.7200
DFARS-S227.7202-3-a,DFARS-S227.7202-4,REFERENCES,227.7202-4
DFARS-S227.7203-2-a,DFARS-S227.7203-1,REFERENCES,227.7203-1
DFARS-S227.7203-3-a,DFARS-S227.7203-4,REFERENCES,227.7203-4
DFARS-S227.7203-3-b,DFARS-S227.7203-6,REFERENCES,227.7203-6
DFARS-S227.7203-4-a,DFARS-S227.7203-5,REFERENCES,227.7203-5
DFARS-S227.7203-5-b-4-i,DFARS-S227.7103-7,REFERENCES,227.7103-7
DFARS-S227.7203-5-e,DFARS-S227.7203-6,REFERENCES,227.7203-6
DFARS-S227.7203-6-a-1,DFARS-S227.7102-3,REFERENCES,227.7102-3
DFARS-S227.7203-6-a-1,DFARS-S227.7205,REFERENCES,227.7205
DFARS-S227.7203-6-a-1,DFARS-S227.7104,REFERENCES,227.7104
DFARS-S227.7203-6-a-1,DFARS-S227.7107-2,REFERENCES,227.7107-2
DFARS-S227.7203-9-b,DFARS-S227.7205,REFERENCES,227.7205
DFARS-S227.7203-10-a-2,DFARS-S227.7203-13,REFERENCES,227.7203-13
DFARS-S227.7203-10-a-3,DFARS-S227.7203-13,REFERENCES,227.7203-13
DFARS-S227.7203-10-a-4,DFARS-S227.7203-13,REFERENCES,227.7203-13
DFARS-S227.7203-10-a-4,DFARS-S227.7203-11,REFERENCES,227.7203-11
DFARS-S227.7203-13-b,DFARS-S227.7203-5,REFERENCES,227.7203-5
DFARS-S227.7203-13-c-1,DFARS-S227.7203-14,REFERENCES,227.7203-14
DFARS-S227.7203-13-d-2,DFARS-S227.7103-13,REFERENCES,227.7103-13
DFARS-S227.7203-13-d-3-ii,DFARS-S227.7203-12,REFERENCES,227.7203-12
DFARS-S227.7203-14-a,DFARS-S227.7103-14,REFERENCES,227.7103-14
DFARS-S227.7203-14-b-1,DFARS-S227.7203-12,REFERENCES,227.7203-12
DFARS-S227.7203-15-c,DFARS-S227.7103-15,REFERENCES,227.7103-15
DFARS-S227.7203-16-b,DFARS-S227.7203-17,REFERENCES,227.7203-17
DFARS-S227.7203-16-b,DFARS-S227.7103-7,REFERENCES,227.7103-7
DFARS-S228.305-d,DFARS-S228.305,REFERENCES,228.305
DFARS-S228.370-1-2#2-i,DFARS-S228.370-2,REFERENCES,228.370-2
DFARS-S228.370-2-h-1-i,DFARS-S228.370-2,REFERENCES,228.370-2
DFARS-S228.371-b-2,DFARS-S228.370-3,REFERENCES,228.370-3
DFARS-S228.371-c,DFARS-S228.371,REFERENCES,228.371
DFARS-S229.101-a,DFARS-S229.101,REFERENCES,229.101
DFARS-S229.101-b,DFARS-S229.101,REFERENCES,229.101
DFARS-S229.101-c,DFARS-S229.101,REFERENCES,229.101
DFARS-S229.101-d,DFARS-S229.101,REFERENCES,229.101
DFARS-S230.201-5-DPCAP-B,DFARS-S230.201-5,REFERENCES,230.201-5
DFARS-S230.201-5-DPCAP-e,DFARS-S230.201-5,REFERENCES,230.201-5
DFARS-S231.205-6-f-1,DFARS-S231.205-70,REFERENCES,231.205-70
DFARS-S231.205-18-c-v,DFARS-S231.205-19,REFERENCES,231.205-19
DFARS-S231.205-70-d,DFARS-S231.205-70,REFERENCES,231.205-70
DFARS-S231.303-2,DFARS-S231.303,REFERENCES,231.303
DFARS-S231.303-3,DFARS-S231.205-22,REFERENCES,231.205-22
DFARS-S232.007-a,DFARS-S232.906,REFERENCES,232.906
DFARS-S232.070-c,DFARS-S232.070,REFERENCES,232.070
DFARS-S232.072-2-b,DFARS-S232.072-1,REFERENCES,232.072-1
DFARS-S232.072-2-b-6,DFARS-S232.072-3,REFERENCES,232.072-3
DFARS-S232.072-3-f-3,DFARS-S232.102,REFERENCES,232.102
DFARS-S232.202-4-a-2,DFARS-S232.072-2,REFERENCES,232.072-2
DFARS-S232.202-4-a-2,DFARS-S232.072-3,REFERENCES,232.072-3
DFARS-S232.503-15-d-i,DFARS-S232.503-15,REFERENCES,232.503-15
DFARS-S232.904-d,DFARS-S232.905,REFERENCES,232.905
DFARS-S232.1001-a,DFARS-S232.1001,REFERENCES,232.1001
DFARS-S232.1001-a,DFARS-S232.1003-70,REFERENCES,232.1003-70
DFARS-S232.1005-70-a,DFARS-S232.1005-70,REFERENCES,232.1005-70
DFARS-S232.7003-b,DFARS-S232.7002,REFERENCES,232.7002
DFARS-S232.7003-b-2,DFARS-S232.7004,REFERENCES,232.7004
DFARS-S232.7004-a,DFARS-S232.7002,REFERENCES,232.7002
DFARS-S232.7004-b,DFARS-S232.7004,REFERENCES,232.7004
DFARS-S232.7101-b,DFARS-S232.7101,REFERENCES,232.7101
DFARS-S232.7101-c,DFARS-S232.7101,REFERENCES,232.7101
DFARS-S232.7101-d,DFARS-S232.7101,REFERENCES,232.7101
DFARS-S234.004-2-v-A,DFARS-S234.005-1,REFERENCES,234.005-1
DFARS-S234.005-1-4,DFARS-S234.005-1,REFERENCES,234.005-1
DFARS-S234.201-1-iii-A-C,DFARS-S234.201,REFERENCES,234.201
DFARS-S234.201-1-iii-iv-B,DFARS-S234.201,REFERENCES,234.201
DFARS-S234.201-1-2,DFARS-S234.201,REFERENCES,234.201
DFARS-S234.201-1-4,DFARS-S234.201,REFERENCES,234.201
DFARS-S234.201-1-7-iii-A-2-ii,DFARS-S234.203,REFERENCES,234.203
DFARS-S234.7002-a-1-ii,DFARS-S234.7002,REFERENCES,234.7002
DFARS-S234.7002-c-2-iii,DFARS-S234.7002,REFERENCES,234.7002
DFARS-S234.7100-c,DFARS-S234.7100,REFERENCES,234.7100
DFARS-S235.006-b-i-A,DFARS-S234.004,REFERENCES,234.004
DFARS-S235.006-71-a-1,DFARS-S235.016,REFERENCES,235.016
DFARS-S235.006-71-b,DFARS-S234.005-1,REFERENCES,234.005-1
DFARS-S235.010-b,DFARS-S235.010,REFERENCES,235.010
DFARS-S235.070-1-a-2-ii,DFARS-S235.070-2,REFERENCES,235.070-2
DFARS-S236.272-c-1,DFARS-S236.273,REFERENCES,236.273
DFARS-S236.273-b,DFARS-S236.273,REFERENCES,236.273
DFARS-S236.570-b-5,DFARS-S236.213,REFERENCES,236.213
DFARS-S236.602-1-a,DFARS-S236.602-1,REFERENCES,236.602-1
DFARS-S236.606-70-b-2-ii,DFARS-S236.609,REFERENCES,236.609
DFARS-S237.102-70-c-1-ii,DFARS-S237.102-71,REFERENCES,237.102-71
DFARS-S237.102-70-c-1-2,DFARS-S237.102-70,REFERENCES,237.102-70
DFARS-S237.102-71-c,DFARS-S237.102-71,REFERENCES,237.102-71
DFARS-S237.102-76-a,DFARS-S227.7202,REFERENCES,227.7202
DFARS-S237.102-76-b,DFARS-S227.7203,REFERENCES,227.7203
DFARS-S237.104-b-i-B-6,DFARS-S237.104,REFERENCES,237.104
DFARS-S237.104-d,DFARS-S237.503,REFERENCES,237.503
DFARS-S237.170-2-b,DFARS-S237.171,REFERENCES,237.171
DFARS-S237.171-3-b,DFARS-S237.171-3,REFERENCES,237.171-3
DFARS-S237.270-a-3,DFARS-S237.270,REFERENCES,237.270
DFARS-S237.503-c,DFARS-S237.503,REFERENCES,237.503
DFARS-S237.7204-j,DFARS-S237.7204,REFERENCES,237.7204
DFARS-S237.7702-b,DFARS-S237.7804,REFERENCES,237.7804
DFARS-SEC-239.7303,DFARS-SEC-239.7304,REFERENCES,239.7304
DFARS-SEC-239.7303,DFARS-SEC-239.7305,REFERENCES,239.7305
DFARS-SEC-239.7304,DFARS-SEC-239.7303,REFERENCES,239.7303
DFARS-SEC-239.7304,DFARS-SEC-239.7305,REFERENCES,239.7305
DFARS-SEC-239.7305,DFARS-SEC-239.7304,REFERENCES,239.7304
DFARS-SEC-239.7305,DFARS-SEC-239.7303,REFERENCES,239.7303
DFARS-SEC-239.7306,DFARS-SEC-239.7301,REFERENCES,239.7301
DFARS-SEC-242.302,DFARS-SEC-242.7502,REFERENCES,242.7502
DFARS-SEC-242.302,DFARS-SEC-242.771-3,REFERENCES,242.771-3
DFARS-SEC-242.7001,DFARS-SEC-242.7000,REFERENCES,242.7000
DFARS-SEC-242.7302,DFARS-SEC-242.7301,REFERENCES,242.7301
DFARS-SEC-242.7400,DFARS-SEC-242.7401,REFERENCES,242.7401
DFARS-SEC-243.107-70,DFARS-SEC-249.7003,REFERENCES,249.7003
DFARS-SEC-243.204-70,DFARS-SEC-243.204,REFERENCES,243.204
DFARS-SEC-243.204-71,DFARS-SEC-243.204,REFERENCES,243.204
DFARS-SEC-244.201-1,DFARS-SEC-239.7301,REFERENCES,239.7301
DFARS-SEC-245.102,DFARS-SEC-251.102,REFERENCES,251.102
DFARS-SEC-246.404,DFARS-SEC-246.402,REFERENCES,246.402
DFARS-SEC-246.704,DFARS-SEC-246.708,REFERENCES,246.708
DFARS-SEC-246.704,DFARS-SEC-246.202-4,REFERENCES,246.202-4
DFARS-SEC-246.710,DFARS-SEC-246.710-70,REFERENCES,246.710-70
DFARS-SEC-247.572,DFARS-SEC-247.573,REFERENCES,247.573
DFARS-SEC-247.573,DFARS-SEC-242.1502,REFERENCES,242.1502
DFARS-SEC-247.574,DFARS-SEC-247.572,REFERENCES,247.572
DFARS-SEC-250.103-5,DFARS-SEC-250.101-3,REFERENCES,250.101-3
DFARS-252.203-7005-p1,DFARS-252.203-7000,REFERENCES,252.203-7000
DFARS-252.204-7000-p4,DFARS-252.204-7012,REFERENCES,252.204-7012
DFARS-252.204-7007-p3,DFARS-252.204-7016,REFERENCES,252.204-7016
DFARS-252.204-7007-p4,DFARS-252.216-7008,REFERENCES,252.216-7008
DFARS-252.204-7007-p10,DFARS-252.209-7002,REFERENCES,252.209-7002
DFARS-252.204-7007-p10,DFARS-252.225-7000,REFERENCES,252.225-7000
DFARS-252.204-7008-p2,DFARS-252.204-7012,REFERENCES,252.204-7012
DFARS-252.204-7008-p3,DFARS-252.204-7012,REFERENCES,252.204-7012
DFARS-252.204-7008-p4,DFARS-252.204-7012,REFERENCES,252.204-7012
DFARS-252.204-7009-p11,DFARS-252.204-7012,REFERENCES,252.204-7012
DFARS-252.204-7009-p12,DFARS-252.204-7012,REFERENCES,252.204-7012
DFARS-252.204-7012-p44,DFARS-252.204-7009,REFERENCES,252.204-7009
DFARS-252.204-7015-p4,DFARS-252.204-7014,REFERENCES,252.204-7014
DFARS-252.204-7016-p1,DFARS-252.204-7018,REFERENCES,252.204-7018
DFARS-252.204-7017-p1,DFARS-252.204-7016,REFERENCES,252.204-7016
DFARS-252.204-7017-p2,DFARS-252.204-7018,REFERENCES,252.204-7018
DFARS-252.204-7017-p5,DFARS-252.204-7016,REFERENCES,252.204-7016
DFARS-252.204-7019-p2,DFARS-252.204-7020,REFERENCES,252.204-7020
DFARS-252.204-7019-p3,DFARS-252.204-7012,REFERENCES,252.204-7012
DFARS-252.204-7020-p5,DFARS-252.204-7012,REFERENCES,252.204-7012
DFARS-252.204-7020-p19,DFARS-252.204-7012,REFERENCES,252.204-7012
DFARS-252.204-7025-p1,DFARS-252.204-7021,REFERENCES,252.204-7021
DFARS-252.209-7006-p2,DFARS-252.209-7007,REFERENCES,252.209-7007
DFARS-252.209-7008-p1,DFARS-252.209-7009,REFERENCES,252.209-7009
DFARS-252.209-7008-p5,DFARS-252.209-7009,REFERENCES,252.209-7009
DFARS-252.211-7008-p6,DFARS-252.211-7003,REFERENCES,252.211-7003
DFARS-252.215-7008-p3,DFARS-252.215-7010,REFERENCES,252.215-7010
DFARS-252.216-7007-p1,DFARS-252.216-7000,REFERENCES,252.216-7000
DFARS-252.219-7003-p15,DFARS-252.219-7004,REFERENCES,252.219-7004
DFARS-252.219-7003-p29,DFARS-252.219-7004,REFERENCES,252.219-7004
DFARS-252.219-7003-p47,DFARS-252.219-7004,REFERENCES,252.219-7004
DFARS-252.219-7004-p37,DFARS-252.219-7003,REFERENCES,252.219-7003
DFARS-252.219-7004-p38,DFARS-252.219-7003,REFERENCES,252.219-7003
PROV-252.225-7009-a-d-1-ii,SEC-252.225-7010,REFERENCES,252.225-7010
PROV-252.225-7010-a,SEC-252.225-7009,REFERENCES,252.225-7009
PROV-252.225-7010-b,SEC-252.225-7009,REFERENCES,252.225-7009
PROV-252.225-7016-e,SEC-252.225-7009,REFERENCES,252.225-7009
PROV-252.225-7023-a,SEC-252.225-7024,REFERENCES,252.225-7024
PROV-252.225-7035-basic-a,SEC-252.225-7036,REFERENCES,252.225-7036
PROV-252.225-7035-alternatei-a,SEC-252.225-7036,REFERENCES,252.225-7036
PROV-252.225-7035-alternateii-a,SEC-252.225-7036,REFERENCES,252.225-7036
PROV-252.225-7035-alternateiii-a,SEC-252.225-7036,REFERENCES,252.225-7036
PROV-252.225-7035-alternateiv-a,SEC-252.225-7036,REFERENCES,252.225-7036
PROV-252.225-7035-alternatev-a,SEC-252.225-7036,REFERENCES,252.225-7036
DFARS-252.225-7046-P1,DFARS-252.225-7047,REFERENCES,252.225-7047
DFARS-252.225-7049-P1,DFARS-252.225-7051,REFERENCES,252.225-7051
DFARS-252.225-7055-P1,DFARS-252.225-7056,REFERENCES,252.225-7056
DFARS-252.225-7057-P1,DFARS-252.225-7058,REFERENCES,252.225-7058
DFARS-252.225-7059-P1,DFARS-252.225-7060,REFERENCES,252.225-7060
DFARS-252.225-7059-P2,DFARS-252.225-7060,REFERENCES,252.225-7060
DFARS-252.225-7065-P8,DFARS-252.225-7048,REFERENCES,252.225-7048
DFARS-252.225-7065-P9,DFARS-252.225-7048,REFERENCES,252.225-7048
DFARS-252.227-7013-P7,DFARS-252.227-7025,REFERENCES,252.227-7025
DFARS-252.227-7013-P34,DFARS-252.227-7015,REFERENCES,252.227-7015
DFARS-252.227-7013-P35,DFARS-252.227-7018,REFERENCES,DFARS 252.227-7018
DFARS-252.227-7013-P36,DFARS-252.227-7014,REFERENCES,DFARS 252.227-7014
DFARS-252.227-7013-P55,DFARS-252.227-7025,REFERENCES,DFARS 252.227-7025
DFARS-252.227-7013-P67,DFARS-252.227-7025,REFERENCES,DFARS 252.227-7025
DFARS-252.227-7013-P80,DFARS-252.227-7037,REFERENCES,DFARS 252.227-7037
DFARS-252.227-7013-P89,DFARS-252.227-7013,REFERENCES,DFARS 252.227-7013
DFARS-252.227-7013-P90,DFARS-252.227-7013,REFERENCES,DFARS 252.227-7013
DFARS-252.227-7013-P99,DFARS-252.227-7037,REFERENCES,DFARS 252.227-7037
DFARS-252.227-7013-P100,DFARS-252.227-7037,REFERENCES,DFARS 252.227-7037
DFARS-252.227-7013-P113,DFARS-252.227-7015,REFERENCES,DFARS 252.227-7015
DFARS-252.227-7013-P114,DFARS-252.227-7018,REFERENCES,DFARS 252.227-7018
DFARS-252.227-7014-P12,DFARS-252.227-7025,REFERENCES,252.227-7025
DFARS-252.227-7014-P41,DFARS-252.227-7025,REFERENCES,DFARS 252.227-7025
DFARS-252.227-7014-P49,DFARS-252.227-7018,REFERENCES,DFARS 252.227-7018
DFARS-252.227-7014-P65,DFARS-252.227-7025,REFERENCES,DFARS 252.227-7025
DFARS-252.227-7014-P73,DFARS-252.227-7025,REFERENCES,DFARS 252.227-7025
DFARS-252.227-7014-P75,DFARS-252.227-7013,REFERENCES,DFARS 252.227-7013
DFARS-252.227-7014-P89,DFARS-252.227-7019,REFERENCES,DFARS 252.227-7019
DFARS-252.227-7014-P98,DFARS-252.227-7014,REFERENCES,DFARS 252.227-7014
DFARS-252.227-7014-P99,DFARS-252.227-7014,REFERENCES,DFARS 252.227-7014
DFARS-252.227-7014-P108,DFARS-252.227-7037,REFERENCES,DFARS 252.227-7037
DFARS-252.227-7014-P108,DFARS-252.227-7019,REFERENCES,DFARS 252.227-7019
DFARS-252.227-7014-P109,DFARS-252.227-7037,REFERENCES,DFARS 252.227-7037
DFARS-252.227-7014-P109,DFARS-252.227-7019,REFERENCES,DFARS 252.227-7019
DFARS-252.227-7014-P119,DFARS-252.227-7018,REFERENCES,DFARS 252.227-7018
DFARS-252.227-7015-P4,DFARS-252.227-7025,REFERENCES,252.227-7025
DFARS-252.227-7015-P8,DFARS-252.227-7018,REFERENCES,252.227-7018
DFARS-252.227-7015-P9,DFARS-252.227-7013,REFERENCES,DFARS 252.227-7013
DFARS-252.227-7015-P24,DFARS-252.227-7025,REFERENCES,DFARS 252.227-7025
DFARS-252.227-7015-P29,DFARS-252.227-7013,REFERENCES,252.227-7013
DFARS-252.227-7015-P30,DFARS-252.227-7013,REFERENCES,DFARS 252.227-7013
DFARS-252.227-7015-P31,DFARS-252.227-7018,REFERENCES,252.227-7018
DFARS-252.227-7016-P2,DFARS-252.227-7014,REFERENCES,252.227-7014
DFARS-252.227-7016-P3,DFARS-252.227-7018,REFERENCES,252.227-7018
DFARS-252.227-7016-P4,DFARS-252.227-7013,REFERENCES,252.227-7013
DFARS-252.227-7016-P5,DFARS-252.227-7018,REFERENCES,252.227-7018
DFARS-252.227-7016-P11,DFARS-252.227-7018,REFERENCES,DFARS 252.227-7018
DFARS-252.227-7016-P11,DFARS-252.227-7013,REFERENCES,252.227-7013
DFARS-252.227-7016-P11,DFARS-252.227-7014,REFERENCES,DFARS 252.227-7014
DFARS-252.227-7017-P2,DFARS-252.227-7014,REFERENCES,252.227-7014
DFARS-252.227-7017-P3,DFARS-252.227-7018,REFERENCES,252.227-7018
DFARS-252.227-7017-P4,DFARS-252.227-7013,REFERENCES,252.227-7013
DFARS-252.227-7017-P5,DFARS-252.227-7018,REFERENCES,252.227-7018
DFARS-252.227-7018-P13,DFARS-252.227-7025,REFERENCES,252.227-7025
DFARS-252.227-7018-P49,DFARS-252.227-7025,REFERENCES,252.227-7025
DFARS-252.227-7018-P53,DFARS-252.227-7025,REFERENCES,252.227-7025
DFARS-252.227-7018-P56,DFARS-252.227-7025,REFERENCES,252.227-7025
DFARS-252.227-7018-P67,DFARS-252.227-7013,REFERENCES,252.227-7013
DFARS-252.227-7018-P67,DFARS-252.227-7015,REFERENCES,DFARS 252.227-7015
DFARS-252.227-7018-P68,DFARS-252.227-7014,REFERENCES,DFARS 252.227-7014
DFARS-252.227-7018-P88,DFARS-252.227-7025,REFERENCES,DFARS 252.227-7025
DFARS-252.227-7018-P102,DFARS-252.227-7025,REFERENCES,DFARS 252.227-7025
DFARS-252.227-7018-P111,DFARS-252.227-7037,REFERENCES,DFARS 252.227-7037
DFARS-252.227-7018-P111,DFARS-252.227-7019,REFERENCES,DFARS 252.227-7019
DFARS-252.227-7018-P120,DFARS-252.227-7018,REFERENCES,DFARS 252.227-7018
DFARS-252.227-7018-P121,DFARS-252.227-7018,REFERENCES,DFARS 252.227-7018
DFARS-252.227-7018-P122,DFARS-252.227-7018,REFERENCES,DFARS 252.227-7018
DFARS-252.227-7018-P123,DFARS-252.227-7018,REFERENCES,DFARS 252.227-7018
DFARS-252.227-7018-P132,DFARS-252.227-7037,REFERENCES,DFARS 252.227-7037
DFARS-252.227-7018-P132,DFARS-252.227-7019,REFERENCES,DFARS 252.227-7019
DFARS-252.227-7018-P133,DFARS-252.227-7037,REFERENCES,DFARS 252.227-7037
DFARS-252.227-7018-P133,DFARS-252.227-7019,REFERENCES,DFARS 252.227-7019
DFARS-252.227-7018-P146,DFARS-252.227-7013,REFERENCES,DFARS 252.227-7013
DFARS-252.227-7018-P146,DFARS-252.227-7015,REFERENCES,DFARS 252.227-7015
DFARS-252.227-7018-P147,DFARS-252.227-7014,REFERENCES,252.227-7014
DFARS-252.227-7019-P1,DFARS-252.227-7014,REFERENCES,252.227-7014
DFARS-252.227-7019-P42,DFARS-252.227-7025,REFERENCES,DFARS 252.227-7025
DFARS-252.227-7025-P2,DFARS-252.227-7013,REFERENCES,252.227-7013
DFARS-252.227-7025-P3,DFARS-252.227-7014,REFERENCES,252.227-7014
DFARS-252.227-7025-P4,DFARS-252.227-7018,REFERENCES,252.227-7018
DFARS-252.227-7030-P1,DFARS-252.227-7018,REFERENCES,252.227-7018
DFARS-252.227-7030-P1,DFARS-252.227-7013,REFERENCES,252.227-7013
DFARS-252.227-7040-P1,DFARS-252.227-7041,REFERENCES,252.227-7041
DFARS-252.227-7040-P6,DFARS-252.227-7018,REFERENCES,252.227-7018
DFARS-252.227-7041-P9,DFARS-252.227-7040,REFERENCES,252.227-7040
DFARS-252.227-7041-P11,DFARS-252.227-7018,REFERENCES,DFARS 252.227-7018
DFARS-252.227-7041-P17,DFARS-252.227-7018,REFERENCES,DFARS 252.227-7018
DFARS-252.227-7041-P18,DFARS-252.227-7018,REFERENCES,DFARS 252.227-7018
DFARS-252.229-7012,DFARS-252.229-7003,REFERENCES,252.229-7003
DFARS-252.229-7013,DFARS-252.229-7005,REFERENCES,252.229-7005
DFARS-252.232-7006,DFARS-252.232-7003,REFERENCES,252.232-7003
DFARS-252.232-7012,DFARS-252.242-7006,REFERENCES,252.242-7006
DFARS-252.232-7013,DFARS-252.232-7014,REFERENCES,252.232-7014
DFARS-252.232-7013,DFARS-252.242-7006,REFERENCES,252.242-7006
DFARS-252.232-7016,DFARS-252.232-7015,REFERENCES,252.232-7015
DFARS-252.232-7018,DFARS-252.232-7002,REFERENCES,252.232-7002
DFARS-252.234-7002,DFARS-252.242-7005,REFERENCES,252.242-7005
DFARS-252.236-7012,DFARS-252.236-7013,REFERENCES,252.236-7013
DFARS-252.237-7024,DFARS-252.237-7023,REFERENCES,252.237-7023
DFARS-252.237-7024,DFARS-252.237-7025,REFERENCES,252.237-7025
DFARS-252.239-7010,DFARS-252.239-7009,REFERENCES,252.239-7009
DFARS-252.242-7004,DFARS-252.242-7005,REFERENCES,252.242-7005
DFARS-252.242-7005,DFARS-252.234-7002,REFERENCES,252.234-7002
DFARS-252.242-7005,DFARS-252.242-7004,REFERENCES,252.242-7004
DFARS-252.242-7005,DFARS-252.242-7006,REFERENCES,252.242-7006
DFARS-252.242-7005,DFARS-252.244-7001,REFERENCES,252.244-7001
DFARS-252.242-7005,DFARS-252.245-7003,REFERENCES,252.245-7003
DFARS-252.242-7006,DFARS-252.242-7005,REFERENCES,252.242-7005
DFARS-252.244-7001,DFARS-252.242-7005,REFERENCES,252.242-7005
DFARS-252.244-7001,DFARS-252.246-7007,REFERENCES,252.246-7007
DFARS-252.245-7003,DFARS-252.242-7005,REFERENCES,252.242-7005
DFARS-252.246-7005,DFARS-252.246-7006,REFERENCES,252.246-7006
DFARS-252.246-7007,DFARS-252.244-7001,REFERENCES,252.244-7001
DFARS-252.246-7007,DFARS-252.246-7008,REFERENCES,252.246-7008
DFARS-252.246-7008,DFARS-252.251-7000,REFERENCES,252.251-7000
DFARS-252.247-7025,DFARS-252.247-7026,REFERENCES,252.247-7026
DFARS-252.270-7000,DFARS-252.270-7001,REFERENCES,252.270-7001
DFARS-252.270-7000,DFARS-252.270-7002,REFERENCES,252.270-7002
DFARS-252.270-7001,DFARS-252.270-7002,REFERENCES,252.270-7002
SEC_F-307,SEC_F-301,REFERENCES,F-301
SEC_F-407,SEC_F-501,REFERENCES,F-501
SEC_F-408,SEC_F-401,REFERENCES,F-401
SEC_I-110,SEC_I-110.1,REFERENCES,I-110.1
SEC_I-110,SEC_I-110.2,REFERENCES,I-110.2
SEC_253.213_p1,SEC_253.213,REFERENCES,253.213
SEC_270.100_p20,SEC_270.101,REFERENCES,270.101
SEC_270.103_p27,SEC_270.104,REFERENCES,270.104
SEC_270.105_p33,SEC_270.103,REFERENCES,270.103
SEC_F-104_p271,SEC_F-401,REFERENCES,F-401
SEC_F-301_p314,SEC_F-304,REFERENCES,F-304
SEC_F-301_p315,SEC_F-305,REFERENCES,F-305
SEC_F-301_p316,SEC_F-303,REFERENCES,F-303
SEC_F-401_p396,SEC_F-301,REFERENCES,F-301
SEC_F-401_p397,SEC_F-301,REFERENCES,F-301
SEC_F-401_p398,SEC_F-403,REFERENCES,F-403
SEC_F-401_p402,SEC_F-402,REFERENCES,F-402
SEC_F-401_p405,SEC_F-406,REFERENCES,F-406
SEC_F-401_p408,SEC_F-406,REFERENCES,F-406
SEC_F-401_p438,SEC_F-401,REFERENCES,F-401
SEC_F-401_p455,SEC_F-405,REFERENCES,F-405
SEC_F-401_p461,SEC_F-406,REFERENCES,F-406
SEC_F-401_p477,SEC_F-501,REFERENCES,F-501
SEC_F-401_p481,SEC_F-401,REFERENCES,F-401
SEC_F-501_p527,SEC_F-301,REFERENCES,F-301
SEC_F-501_p529,SEC_F-301,REFERENCES,F-301
SEC_I-100_p624,SEC_I-101,REFERENCES,I-101
SEC_I-104_p672,SEC_I-102,REFERENCES,I-102
SEC_I-104_p675,SEC_I-106,REFERENCES,I-106
SEC_I-105_p679,SEC_I-102,REFERENCES,I-102
SEC_I-105_p685,SEC_I-102,REFERENCES,I-102
SEC_I-106_p696,SEC_I-107,REFERENCES,I-107
SEC_I-107_p712,SEC_I-102,REFERENCES,I-102
SEC_I-107_p713,SEC_I-102,REFERENCES,I-102
SEC_I-107_p714,SEC_I-102,REFERENCES,I-102
SEC_I-108_p745,SEC_I-105,REFERENCES,I-105
SEC_I-108_p746,SEC_I-107,REFERENCES,I-107
SEC_I-108_p749,SEC_I-107,REFERENCES,I-107
SEC_I-108_p753,SEC_I-103,REFERENCES,I-103
SEC_I-109_p758,SEC_I-106,REFERENCES,I-106
SEC_I-109_p760,SEC_I-106,REFERENCES,I-106
SEC_I-109_p761,SEC_I-110,REFERENCES,I-110
SEC_I-109_p761,SEC_I-110.2,REFERENCES,I-110.2
SEC_I-110.1_p764,SEC_I-106,REFERENCES,I-106
SEC_I-111_p781,SEC_I-107,REFERENCES,I-107
SEC_I-111_p782,SEC_I-112,REFERENCES,I-112
SEC_I-111_p782,SEC_I-112.2,REFERENCES,I-112.2
SEC_I-112.1_p784,SEC_I-102,REFERENCES,I-102
SEC_I-112.2_p792,SEC_I-106,REFERENCES,I-106
SEC_I-112.2_p797,SEC_I-106,REFERENCES,I-106
SEC_I-112.2_p800,SEC_I-106,REFERENCES,I-106
