source_id,target_id,rel_type,term
REG_ART_2,REG_DEF_I,DEFINES_TERM,Departments
REG_ART_2,REG_DEF_II,DEFINES_TERM,ARCO rights
REG_ART_2,REG_DEF_III,DEFINES_TERM,Digital environment
REG_ART_2,REG_DEF_IV,DEFINES_TERM,Exclusion list
REG_ART_2,REG_DEF_V,DEFINES_TERM,Administrative security measures
REG_ART_2,REG_DEF_VI,DEFINES_TERM,Physical security measures
REG_ART_2,REG_DEF_VII,DEFINES_TERM,Technical security measures
REG_ART_2,REG_DEF_VIII,DEFINES_TERM,Identifiable individual
REG_ART_2,REG_DEF_IX,DEFINES_TERM,Transmission
REG_ART_2,REG_DEF_X,DEFINES_TERM,Electronic media
REG_ART_2,REG_DEF_XI,DEFINES_TERM,Physical media
REG_ART_2,REG_DEF_XII,DEFINES_TERM,Suppression
